Workbook

Sheet 260205
B2: [26.1H 언팩 소셜 버즈 현황] | X2: -29D | Y2: -1D | Z2: D-day | AA2: +42D | AB2: Start Date | AC2: End Date
X3: 45651 | Y3: 45679 | Z3: 45680 | AA3: 45721 | AB3: 45651 | AC3: 45659
B4: 1. 소셜 버즈 현황 | P4: Data 기준 : 2026/1/28 ~ 2026/2/5 (언팩-29D ~ 언팩-21D) | X4: 46050 | Y4: 46078 | Z4: 46079 | AA4: 46120 | AB4: 46050 | AC4: 46058
C6: [ 2/5 Daily Highlight ]
C7: □ 1일 버즈량 74K (전년 比 5.5배)
C8: ① IG 크리에이터 N-1 제품 카메라 (인물 사진 촬영 모드) 캠페인 (64K, 87%) | V8: https://www.instagram.com/reel/DUVICTfEgK1 | W8: https://www.instagram.com/reel/DUVjVLqjA3G
C9: ② 2차 카메라(줌, 나이토그래피) 티징 기반, 소비자 언급 발생 (1K, 1%) | V9: https://www.instagram.com/reels/DUUEZbVExzw/
C11: [ ~ 2/5 누적 Hightlight]
C12: □ 총 버즈량 285K (전년 比 3.1배), 전일 比 +74K
C13: ① IG 크리에이터, N-1 제품 카메라 (Nightography 중심) 소구 (190K, 67%) | V13: https://www.instagram.com/reel/DTVVCkGjF7j
C14: ② 티징 컨텐츠 기반, Privacy Display 및 카메라 관련 논의 (22K, 8%) | V14: https://x.com/UniverseIce/status/2016322537777725746 | W14: https://x.com/UniverseIce/status/2016342843644883276
C15: ※ Privacy Display (18K, 6%), 카메라 (4K, 2%)
C16: ③ Enhypen 협업, 올림픽 연계 올림픽 카운트다운 및 Victory Selfie 컨텐츠 (12K, 4%) | V16: https://x.com/Olympic/status/2016316039202517387 | W16: x.com/Olympic/status/2017885633239306552
C17: ④ 테크 인플루언서, 언팩 기대 요소를 댓글로 작성하는 이벤트 진행 (8K, 3%) | V17: https://x.com/SaudiAndroid/status/2016546556028014909 | W17: https://x.com/osamahesam1/status/2016560914309263778
C19: □ 제품 內 디스플레이 (24%, x3.5) > 디자인 (13%, x0.7) > AP(11%, x0.8) > Camera (10%, x1.0) 順
C20: ① 디스플레이 (긍 51%, 부 3%) : Privacy Display 적용 영역 선택 및 특정 앱 적용 기능 기대 | V20: https://x.com/sondesix/status/2016520584369471682 | W20: https://x.com/jethronyagti/status/2016577101206368706
C21: ※ Use Scene : SNS/일상 66%, 금융/개인정보 20%, 업무 14% 順
C22: ② 디자인 (긍 22%, 부 10%) : 얇고 가벼운 외관(Ultra 중심) 및 색상 관련 루머 확산 | V22: https://x.com/beebomco/status/2016535725328806170 | W22: https://x.com/kandhesh/status/2016527453418819962
C23: ③ AP/Memory (긍 18%, 부 12%) : SD8 Elite Gen 5 성능 기대, Exynos 2600 적용 모델 성능 우려 일부 有 | V23: https://www.reddit.com/r/PhoneNow/comments/1qpafa0/comment/o2btjvf/ | W23: https://www.reddit.com/r/samsunggalaxy/comments/1qop48c/comment/o23f1j2/
C24: ④ 카메라 (긍 25%, 부 15%) : PR 이후 Nightography/Zoom 에 대한 긍정 기대감 생성 中 (긍정 각 42%, 54%) | V24: https://x.com/CodeCraftBriefs/status/2019115577642742127 | W24: https://x.com/TekTrndz/status/2019048559585439893
C26: □ 발화자 : 로컬 (65%, x7.8) > 소비자 (15%, x1.4) > 미디어 (8%, x1.4), 커뮤니티 (7%, x1.0) > 수원 (4%, x5.9) 順
B30: [버즈량 현황] | X30: [HTR 제외 시]
B31: 구분 | E31: Total 버즈량 | L31: 구분 | X31: 구분 | Z31: Total 버즈량
F32: Family | I32: Buds4 +Pro | J32: AI 단독 언급 | M32: Family | S32: Buds4 +Pro | AA32: Family | AD32: Buds4 +Pro | AE32: AI 단독 언급
G33: Ultra | H33: Base/+ | O33: Ultra | Q33: Base/+ | AB33: Ultra | AC33: Base/+
M34: Pos | N34: Neg | O34: Pos | P34: Neg | Q34: Pos | R34: Neg | S34: Pos | T34: Neg
B35: 26.1H UNPK | E35: 284825 | F35: 63785 | G35: 37993 | H35: 25792 | I35: 4327 | J35: 31521 | L35: 26.1H UNPK | M35: 0.26584793 | N35: 0.13316477 | O35: 0.32492199 | P35: 0.14811423 | Q35: 0.18025456 | R35: 0.11150425 | S35: 0.23754513 | T35: 0.15090253 | X35: 26.1H UNPK | Z35: 284825 | AA35: 63785 | AB35: 37993 | AC35: 25792 | AD35: 4327 | AE35: 31521
B36: (전년 比) | E36: 3.077958 | F36: 1.2433723 | G36: 1.4431192 | H36: 1.2768949 | I36: 0.51450654 | J36: 0.71224241 | L36: (전년 比) | M36: 0.064422772 | N36: 0.036015091 | O36: 0.11915477 | P36: 0.058278636 | Q36: 0.012284254 | R36: -0.013644894 | S36: -0.013004324 | T36: -0.0071701695 | X36: (전년 比) | Z36: 3.077958 | AA36: 1.2433723 | AB36: 1.4431192 | AC36: 1.2768949 | AD36: 0.51450654 | AE36: 0.71224241
B37: 25.1H UNPK | E37: 92537 | F37: 51300 | G37: 26327 | H37: 20199 | I37: 8410 | J37: 44256 | L37: 25.1H UNPK | M37: 0.20142516 | N37: 0.097149679 | O37: 0.20576722 | P37: 0.089835595 | Q37: 0.1679703 | R37: 0.12514914 | S37: 0.25054945 | T37: 0.1580727 | X37: 25.1H UNPK | Z37: 92537 | AA37: 51300 | AB37: 26327 | AC37: 20199 | AD37: 8410 | AE37: 44256
B38: ※ 제품 버즈 : Ultra 언급 버즈는 Ultra로 우선 반영, Base/+는 Ultra 언급 제외 후 집계 | L38: ※ Sentiment는 TV/News/Radio/Print 및 HTR 제외하고 추출
B39: ※ Buds4+Pro의 전작 기준은 Buds3+Pro, '24.2H 언팩 당시 공개 기준 ('25.1H 언팩 총 합계에 미 포함)
B40: ※ Brand 언급 버즈량 : 14K (#ExplorGalaxy)
B42: 2. 발화자별 버즈 현황
C44: ① 수원 (13K)
C45: - 밀라노 올림픽 참석 Icon 인플루언서(Enhypen) 컨텐츠 팬 계정 내 확산 (12K) | V45: https://x.com/Olympic/status/2016316039202517387
C46: ② 로컬 (185K)
C47: - IG Creator 發 브랜드 커뮤니케이션(#ExploreGalaxy) 확산 中 (141K) | V47: https://www.instagram.com/p/DTVVCkGjF7j/
C48: - SESAR 테크 인플루언서 發 UNPK 해시태그 및 기대 제품 댓글 작성 소비자 참여 이벤트 버즈 발생 (4K) | V48: https://x.com/SaudiAndroid/status/2016546556028014909
C49: - 그 외 테크 인플루언서 發 Privercy Display, 유출된 언팩 초대장 및 제품 이미지 중심으로 제품 루머 생성 (4K) | V49: https://x.com/UniverseIce/status/2016342843644883276
C50: ③ 소비자 (43K)
C51: - 지속적인 PR 공개로 제품 언급 확산 中 (30K) | V51: https://x.com/rrreggegg/status/2016407184419258802 | W51: https://x.com/sondesix/status/2018893437043703869
B54: 발화자 | E54: 버즈량 | H54: 비중
F55: 전년 比 | G55: 전작 평균 | I55: 전년 比 | J55: 전작 평균
B56: Total | E56: 284825 | F56: 3.077958 | G56: 150974 | H56: - | I56: - | J56: -
C57: 수원 | E57: 12789 | F57: 5.9483721 | G57: 23415 | H57: 0.044901255 | I57: 0.021667305 | J57: 0.15509319
D58: HTR | E58: 0 | F58: 0 | H58: 0 | I58: -1.0806488e-05
D59: Icon 인플루언서 | E59: 11905 | F59: 12.298554 | H59: 0.041797595 | I59: 0.031336914
D60: Contents | E60: 884 | F60: 0.7485182 | H60: 0.0031036601 | I60: -0.0096588024
C61: 로컬 | E61: 184599 | F61: 7.8306185 | G61: 23013.25 | H61: 0.64811375 | I61: 0.3933616 | J61: 0.15243213
D62: Creator | E62: 140646 | F62: - | H62: 0.49379795 | I62: 0.49379795
D63: 로컬 인플루언서 | E63: 13437 | F63: 0.92996055 | H63: 0.047176336 | I63: -0.10896661
D64: 법인 활동 | E64: 30004 | F64: 3.6778622 | H64: 0.10534188 | I64: 0.017182546
D65: Partners | E65: 512 | F65: 0.5294726 | H65: 0.001797595 | I65: -0.0086522791
C66: 미디어 | E66: 23556 | F66: 1.4231513 | G66: 23771.25 | H66: 0.082703414 | I66: -0.096165579 | J66: 0.15745287
C67: 커뮤니티 | E67: 20553 | F67: 1.0186856 | G67: 31046.25 | H67: 0.072160098 | I67: -0.14587161 | J67: 0.20564005
C68: 소비자 | E68: 43328 | F68: 1.4401861 | G68: 49728 | H68: 0.15212148 | I68: -0.17299172 | J68: 0.32938176
B69: ※ HTR, Icon 인플루언서, Contents 비중/로컬 인플루언서, Partners, 법인 활동 비중은 각각 수원/로컬 內 집계
B70: ※ 전작 평균 : S24, FF6, S25, FF7 해당구간 평균
B71: ※ 로컬 인플루언서 : 로컬 Icon 인플루언서, 로컬 Tech 인플루언서, 로컬 Lifestyle 인플루언서의 합
B72: ※ Partners : 로컬 PP, 로컬 Retailer, 로컬 Telco의 합
B73: ※ 법인 활동 : 로컬 HTR, 로컬 Contents의 합
B75: 3. 주요 Miracle CXP (26.1H UNPK Base) | X75: https://space.sprinklr.com/research/insights/listening/dashboard/696592937cb16f4b0d0146d3/tab/2
B76: - Privacy Display를 활용한 공공장소에서의 SNS 및 금융/개인정보 사용에 제약이 없는 점 호평, 부분 적용 기능 긍정 | X76: □ 주요 Miracle CXP / Use Scene 분석 - Privacy Display □ 주요 Miracle CXP / Camera Feature □ 주요 Miracle CXP / AI Feature
B78: 주요 CXP | F78: 버즈량 | G78: 비중 | H78: Sentiment | J78: 내용
H79: Pos | I79: Neg
B80: Total | F80: 63785 | G80: - | H80: 0.26584793 | I80: 0.13316477 | X80: Privacy Display | Y80: 17584 | Z80: 1 | AA80: 0.32 | AB80: 0.06
C81: Display | F81: 23847 | G81: 0.23965871 | H81: 0.50576701 | I81: 0.031199539 | X81: Others | Y81: 11943 | Z81: 0.68 | AA81: 0.23 | AB81: 0.04
C82: Privacy Display | F82: 17584 | G82: 0.73736738 | H82: 0.32 | I82: 0.06 | J82: Privacy Display 부분 적용 기능 긍정 지속 | V82: https://www.reddit.com/r/samsunggalaxy/comments/1qvjp4u/comment/o3i7djr/ | X82: SNS/일상 | Y82: 4594 | Z82: 0.26 | AA82: 0.5 | AB82: 0.13
D83: SNS/일상 | F83: 4594 | G83: 0.65760092 | H83: 0.5 | I83: 0.13 | J83: 공공장소 내 자유롭게 SNS 활용 가능 | V83: https://www.youtube.com/watch?v=v26QpfOeRs0&lc=Ugy0hlH8UPjPmKx3Dnl4AaABAg | X83: 금융/개인정보 | Y83: 1431 | Z83: 0.08 | AA83: 0.52 | AB83: 0.03
D84: 금융/개인정보 | F84: 1431 | G84: 0.20483825 | H84: 0.52 | I84: 0.03 | J84: 공공장소에서 금융 알림 및 계좌 내역 보호 가능 | V84: https://www.reddit.com/r/samsunggalaxy/comments/1qp8ki5/comment/o29ozik/ | X84: 업무 보안 | Y84: 961 | Z84: 0.05 | AA84: 0.29 | AB84: 0.05
D85: 업무 보안 | F85: 961 | G85: 0.13756084 | H85: 0.29 | I85: 0.05 | J85: 장소 상관 없이 업무 관련 내용 확인 가능 | V85: https://www.reddit.com/r/GalaxyFold/comments/1qpme42/comment/o2a3a05/?utm_source=share&utm_medium=web3x&utm_name=web3xcss&utm_term=1&utm_content=share_button
C86: Camera | F86: 9938 | G86: 0.099875382 | H86: 0.24636404 | I86: 0.1489643
C87: Zoom | F87: 3095 | G87: 0.31143087 | H87: 0.53 | I87: 0.05 | J87: 10x Zoom 탑재 관심 | V87: https://www.reddit.com/r/samsunggalaxy/comments/1qvikxw/comment/o3j7zia/?utm_source=share&utm_medium=web3x&utm_name=web3xcss&utm_term=1&utm_content=share_button | X87: Zoom | Y87: 3095 | Z87: 0.14 | AA87: 0.53 | AB87: 0.05
C88: Nightography Video | F88: 246 | G88: 0.024753472 | H88: 0.46 | I88: 0.01 | J88: 티징 기반 Low Light Video 기능 관심 형성 | V88: https://x.com/TekTrndz/status/2019048559585439893 | X88: Nightography Video | Y88: 246 | Z88: 0.01 | AA88: 0.46 | AB88: 0.01
C89: Super Steady | F89: 46 | G89: 0.0046286979 | H89: 0.24 | I89: 0.02 | X89: Super Steady | Y89: 46 | Z89: 0 | AA89: 0.24 | AB89: 0.02
C90: AI | F90: 4728 | G90: 0.047515678 | H90: 0.23021583 | I90: 0.038369305
C91: Photo Assist | F91: 2842 | G91: 0.60109983 | H91: 0.38 | I91: 0.04 | J91: Co.A 比 우수한 Object Eraser 활용 사진 편집 긍정 | V91: https://x.com/giarinstitute/status/2019365427911029201 | X91: Photo Assist | Y91: 2842 | Z91: 0.09 | AA91: 0.38 | AB91: 0.04
C92: Circle to Search | F92: 563 | G92: 0.11907783 | H92: 0.42 | I92: 0.05 | J92: 텍스트 기반 검색이 불가능한 콘텐츠도 손쉽게 검색 가능 긍정 | V92: https://www.reddit.com/r/samsunggalaxy/comments/1qj5wcn/comment/o3od4xz/?utm_source=share&utm_medium=web3x&utm_name=web3xcss&utm_term=1&utm_content=share_button | X92: Circle to Search | Y92: 563 | Z92: 0.02 | AA92: 0.42 | AB92: 0.05
C93: Creative Studio | F93: 141 | G93: 0.029822335 | H93: 0.47 | I93: 0.04 | X93: Creative Studio | Y93: 141 | Z93: 0 | AA93: 0.47 | AB93: 0.04
B96: 4. 제품별 Feature 버즈량* (제품 Sentiment는 Sprinklr, Feature Sentiment는 AI 기반)
B97: 4-1. Miracle Family Feature 별 버즈량
B98: - Privacy Display 중심으로 Display 버즈 전년 比 3.5배 증가, Ultra 두께, 무게 등 외관 및 AP 관련 버즈 지속 발생 중
B100: Feature | E100: 버즈량 | H100: 비중 | K100: Senti. | X100: Feature only Sum Senti.
F101: 전년 比 | G101: 전년 | I101: 전년 比 | J101: 전년 | K101: Pos | L101: Neg
B102: Total | E102: 63785 | F102: 1.2433723 | G102: 51300 | H102: - | I102: - | J102: - | K102: 0.26584793 | L102: 0.13316477 | X102: 0.35056505 | Y102: 0.088257146
B103: 1 | C103: Display | E103: 23847 | F103: 3.533936 | G103: 6748 | H103: 0.23965871 | I103: 0.16281534 | J103: 0.076843364 | K103: 0.50576701 | L103: 0.031199539 | M103: 영역별 Privacy Display 기능 추가 기대 | V103: https://www.reddit.com/r/samsunggalaxy/comments/1qvjp4u/comment/o3i7djr/ | W103: https://x.com/nshimyijur96358/status/2018939351938294160
B104: 1-1 | C104: Display | D104: Privacy Display | E104: 16906 | F104: 16906 | G104: 1 | H104: 0.70893613 | I104: 0.70878794 | J104: 0.00014819206 | K104: 0.68181818 | L104: 0.038961039
B105: 1-2 | C105: Display | D105: Resolution | E105: 3101 | F105: 1.3476749 | G105: 2301 | H105: 0.13003732 | I105: -0.2109526 | J105: 0.34098992 | K105: 0.17142857 | L105: 0.085714286
B106: 1-3 | C106: Display | D106: Brightness | E106: 1008 | F106: 1.5774648 | G106: 639 | H106: 0.042269468 | I106: -0.052425257 | J106: 0.094694724 | K106: 0.81333333 | L106: 0.026666667
B107: 1-4 | C107: Display | D107: Refresh Rate | E107: 981 | F107: 1.3045213 | G107: 752 | H107: 0.04113725 | I107: -0.070303177 | J107: 0.11144043 | K107: 0 | L107: 0
B108: 1-5 | C108: Display | D108: Screen Size | E108: 899 | F108: 2.7408537 | G108: 328 | H108: 0.037698662 | I108: -0.010908332 | J108: 0.048606995 | K108: 0.0625 | L108: 0.0625
B109: 2 | C109: Design | E109: 12718 | F109: 0.71995471 | G109: 17665 | H109: 0.12781396 | I109: -0.073347576 | J109: 0.20116153 | K109: 0.22072539 | L109: 0.096373057 | M109: (Ultra) 역대 가장 얇은 두께와 가벼운 무게 기대 | V109: https://www.reddit.com/r/samsung/comments/1qveosx/comment/o3mundc/ | W109: https://x.com/wisplite/status/2018769809891278950
B110: 2-1 | C110: Design | D110: Size | E110: 8483 | F110: 0.74661151 | G110: 11362 | H110: 0.66700739 | I110: 0.023814637 | J110: 0.64319275 | K110: 0.17813765 | L110: 0.14574899
B111: 2-2 | C111: Design | D111: Weight | E111: 3856 | F111: 2.1481894 | G111: 1795 | H111: 0.30319233 | I111: 0.20157897 | J111: 0.10161336 | K111: 0.10273973 | L111: 0.095890411
B112: 2-3 | C112: Design | D112: Material | E112: 1530 | F112: 1.6020942 | G112: 955 | H112: 0.12030193 | I112: 0.06624023 | J112: 0.054061704 | K112: 0.1 | L112: 0.16666667
B113: 2-4 | C113: Design | D113: Color | E113: 1393 | F113: 0.58652632 | G113: 2375 | H113: 0.1095298 | I113: -0.024916846 | J113: 0.13444665 | K113: 0.095238095 | L113: 0
B114: 2-5 | C114: Design | D114: Form Factor | E114: 170 | F114: 3.0909091 | G114: 55 | H114: 0.013366882 | I114: 0.01025338 | J114: 0.0031135013 | K114: 0 | L114: 0
B115: 3 | C115: AP/Memory | E115: 11281 | F115: 0.75121529 | G115: 15017 | H115: 0.11337233 | I115: -0.057634904 | J115: 0.17100723 | K115: 0.18359669 | L115: 0.12039127 | M115: (Ultra) SD8 Elite Gen 5 탑재 기대 (Base/+) Exynos 2600 긍부정 혼재 | V115: https://www.reddit.com/r/samsunggalaxy/comments/1qvt0ci/comment/o3ke4sj/ | W115: https://www.youtube.com/watch?v=NfrlBVVs3Fc&lc=UgxrrCVbQC9cZU1j1pB4AaABAg
B116: 3-1 | C116: AP/Memory | D116: AP Performance | E116: 9118 | F116: 0.99432933 | G116: 9170 | H116: 0.80826168 | I116: 0.19762041 | J116: 0.61064127 | K116: 0.25114155 | L116: 0.11415525
B117: 3-2 | C117: AP/Memory | D117: RAM | E117: 4264 | F117: 1.2574462 | G117: 3391 | H117: 0.37798068 | I117: 0.15216993 | J117: 0.22581075 | K117: 0.13829787 | L117: 0.22340426
...

Sheet 260204
B2: [26.1H 언팩 소셜 버즈 현황] | X2: -29D | Y2: -1D | Z2: D-day | AA2: +42D | AB2: Start Date | AC2: End Date
X3: 45651 | Y3: 45679 | Z3: 45680 | AA3: 45721 | AB3: 45651 | AC3: 45658
B4: 1. 소셜 버즈 현황 | P4: Data 기준 : 2026/1/28 ~ 2026/2/4 (언팩-29D ~ 언팩-22D) | X4: 46050 | Y4: 46078 | Z4: 46079 | AA4: 46120 | AB4: 46050 | AC4: 46057
C6: [ Miracle 소셜 당일 (2/4) 버즈 Highlight ]
C7: □ 버즈량 39K, 전년 동기간 比 3.6배
C8: ① 2차 티징 컨텐츠 (Camera Zoom, Nightography) 3K (8%) (1차 티징 1일차 8K 대비 0.4배 수준) | V8: https://www.instagram.com/reels/DUUEZbVExzw/
C9: ② SEUK FB 發 7일간 브랜드 활용 및 디스플레이 소구 이벤트 5K (14%) | V9: https://www.facebook.com/701689855332829/posts/1361889662646175
C10: ③ SIEL Creator 發 #ExploreGalaxy 활용 소비자 참여 이벤트 20K (51%) | V10: https://www.instagram.com/reel/DUVICTfEgK1
C12: [ Miracle 소셜 누적 버즈 Highlight ]
C13: □ 총 버즈량 210K, 전년 比 2.7배
C14: ① IG 크레에이터 發 N-1 제품 카메라 소구 활동 (120K, 53%) (SIEL Creator 신규 Posting) | V14: https://www.instagram.com/reel/DTVVCkGjF7j
C15: ② 티징 컨텐츠 2차 공개, 1차 Privacy Display (17K, 8%) / 2차 Camera Zoom, Nightography (3K, 1%) | V15: https://x.com/UniverseIce/status/2016322537777725746 | W15: https://x.com/UniverseIce/status/2016342843644883276
C16: ③ Enhypen 협업, 올림픽 연계 올림픽 카운트다운 및 Victory Selfie 컨텐츠 (14K, 7%) | V16: https://x.com/Olympic/status/2016316039202517387
C17: ④ 테크 인플루언서, 언팩 기대 요소를 댓글로 작성하는 이벤트 진행 (7K, 4%) | V17: https://x.com/SaudiAndroid/status/2016546556028014909 | W17: https://x.com/osamahesam1/status/2016560914309263778
C19: □ 디스플레이 (25%) > 디자인 (13%) > AP/Memory (11%) 順 제품 관심 생성 중
C20: ① 디스플레이 (긍 51%, 부 3%) : Privacy Display 기능 中 부분 적용 가능 루머에 혁신적인 기능이라는 긍정 반응 多 | V20: https://x.com/sondesix/status/2016520584369471682 | W20: https://x.com/jethronyagti/status/2016577101206368706
C21: (※ Use Scene : SNS/일상 67%, 금융/개인정보 20%, 업무 13% 順)
C22: ② 디자인 (긍 22%, 부 9%) : 역대 M3 중 가장 얇고 가벼운 외관 기대 | V22: https://x.com/beebomco/status/2016535725328806170 | W22: https://x.com/kandhesh/status/2016527453418819962
C23: ③ AP/Memory (긍 19%, 부 12%) : SD8 Elite Gen 5 성능 기대, Exynos 2600 적용 모델 성능 우려 일부 有 | V23: https://www.reddit.com/r/PhoneNow/comments/1qpafa0/comment/o2btjvf/ | W23: https://www.reddit.com/r/samsunggalaxy/comments/1qop48c/comment/o23f1j2/
C25: □ 발화자 : 로컬 57% > 소비자 19% > 미디어 10% > 수원 5% 順
C26: - Creator 및 테크 인플루언서 활동으로 제품 루머 및 언팩 기대감 지속 확산 중 | V26: https://www.instagram.com/reel/DTVVCkGjF7j | W26: https://x.com/SaudiAndroid/status/2016546556028014909 | X26: https://x.com/UniverseIce/status/2016342843644883276
B30: [버즈량 현황] | X30: [HTR 제외 시]
B31: 구분 | E31: Total 버즈량 | L31: 구분 | X31: 구분 | Z31: Total 버즈량
F32: Family | I32: Buds4 +Pro | J32: AI 단독 언급 | M32: Family | S32: Buds4 +Pro | AA32: Family | AD32: Buds4 +Pro | AE32: AI 단독 언급
G33: Ultra | H33: Base/+ | O33: Ultra | Q33: Base/+ | AB33: Ultra | AC33: Base/+
M34: Pos | N34: Neg | O34: Pos | P34: Neg | Q34: Pos | R34: Neg | S34: Pos | T34: Neg
B35: 26.1H UNPK | E35: 210400 | F35: 58759 | G35: 34856 | H35: 23903 | I35: 3965 | J35: 27018 | L35: 26.1H UNPK | M35: 0.26660331 | N35: 0.12965163 | O35: 0.32941997 | P35: 0.14528378 | Q35: 0.17669607 | R35: 0.10727788 | S35: 0.24023669 | T35: 0.14477318 | X35: 26.1H UNPK | Z35: 210400 | AA35: 58759 | AB35: 34856 | AC35: 23903 | AD35: 3965 | AE35: 27018
B36: (전년 比) | E36: 2.6621117 | F36: 1.3081684 | G36: 1.4705932 | H36: 1.4342374 | I36: 0.53997004 | J36: 0.67887834 | L36: (전년 比) | M36: 0.069659482 | N36: 0.035051969 | O36: 0.13217193 | P36: 0.055561105 | Q36: 0.0061258897 | R36: -0.014673337 | S36: -0.015600274 | T36: -0.010747204 | X36: (전년 比) | Z36: 2.6621117 | AA36: 1.3081684 | AB36: 1.4705932 | AC36: 1.4342374 | AD36: 0.53997004 | AE36: 0.67887834
B37: 25.1H UNPK | E37: 79035 | F37: 44917 | G37: 23702 | H37: 16666 | I37: 7343 | J37: 39798 | L37: 25.1H UNPK | M37: 0.19694383 | N37: 0.094599659 | O37: 0.19724803 | P37: 0.089722675 | Q37: 0.17057018 | R37: 0.12195122 | S37: 0.25583696 | T37: 0.15552038 | X37: 25.1H UNPK | Z37: 79035 | AA37: 44917 | AB37: 23702 | AC37: 16666 | AD37: 7343 | AE37: 39798
B38: ※ 제품 버즈 : Ultra 언급 버즈는 Ultra로 우선 반영, Base/+는 Ultra 언급 제외 후 집계 | L38: ※ Sentiment는 TV/News/Radio/Print 및 HTR 제외하고 추출
B39: ※ Buds4+Pro의 전작 기준은 Buds3+Pro, '24.2H 언팩 당시 공개 기준 ('25.1H 언팩 총 합계에 미 포함)
B40: ※ Brand 언급 버즈량 : 14K (#ExplorGalaxy)
B42: 2. 발화자별 버즈 현황
C44: ① 수원 (11K)
C45: - 밀라노 올림픽 참석 Icon 인플루언서(Enhypen) 컨텐츠 팬 계정 내 확산 (10K) | V45: https://x.com/Olympic/status/2016316039202517387
C46: ② 로컬 (120K)
C47: - IG Creator 發 브랜드 커뮤니케이션(#ExploreGalaxy) 확산 中 (67K + 소비자 4K) | V47: https://www.instagram.com/p/DTVVCkGjF7j/
C48: - SESAR 테크 인플루언서 發 UNPK 해시태그 및 기대 제품 댓글 작성 소비자 참여 이벤트 버즈 발생 (4K) | V48: https://x.com/SaudiAndroid/status/2016546556028014909
C49: - 그 외 테크 인플루언서 發 Privercy Display, 유출된 언팩 초대장 및 제품 이미지 중심으로 제품 루머 생성 (3K) | V49: https://x.com/UniverseIce/status/2016342843644883276
C50: ③ 소비자 (40K)
C51: - 지속적인 PR 공개로 Miracle 제품 언급 확산 中 (28K) | V51: https://x.com/rrreggegg/status/2016407184419258802
B54: 발화자 | E54: 버즈량 | H54: 비중
F55: 전년 比 | G55: 전작 평균 | I55: 전년 比 | J55: 전작 평균
B56: Total | E56: 210400 | F56: 2.6621117 | G56: 123229 | H56: - | I56: - | J56: -
C57: 수원 | E57: 10914 | F57: 7.8124553 | G57: 10976 | H57: 0.051872624 | I57: 0.03419691 | J57: 0.089070304
D58: HTR | E58: 0 | F58: - | H58: 0 | I58: 0
D59: Icon 인플루언서 | E59: 10153 | F59: 22.168122 | H59: 0.048255703 | I59: 0.042460802
D60: Contents | E60: 761 | F60: 0.81043663 | H60: 0.0036169202 | I60: -0.0082638921
C61: 로컬 | E61: 119742 | F61: 5.5076583 | G61: 19213.75 | H61: 0.56911597 | I61: 0.29403531 | J61: 0.15591969
D62: 로컬 인플루언서 | E62: 96190 | F62: 7.2821561 | H62: 0.45717681 | I62: 0.29004832
D63: Partners | E63: 345 | F63: 0.36469345 | H63: 0.0016397338 | I63: -0.010329647
D64: 법인 활동 | E64: 23207 | F64: 3.059188 | H64: 0.11029943 | I64: 0.014316637
C65: 미디어 | E65: 21781 | F65: 1.602251 | G65: 20660 | H65: 0.10352186 | I65: -0.068477884 | J65: 0.16765602
C66: 커뮤니티 | E66: 17872 | F66: 1.0541465 | G66: 27275.25 | H66: 0.084942966 | I66: -0.12956959 | J66: 0.22133881
C67: 소비자 | E67: 40091 | F67: 1.5815614 | G67: 45103.5 | H67: 0.19054658 | I67: -0.13018474 | J67: 0.36601517
B68: ※ HTR, Icon 인플루언서, Contents 비중/로컬 인플루언서, Partners, 법인 활동 비중은 각각 수원/로컬 內 집계
B69: ※ 전작 평균 : S24, FF6, S25, FF7 해당구간 평균
B70: ※ 로컬 인플루언서 : 로컬 Icon 인플루언서, 로컬 Tech 인플루언서, 로컬 Lifestyle 인플루언서의 합
B71: ※ Partners : 로컬 PP, 로컬 Retailer, 로컬 Telco의 합
B72: ※ 법인 활동 : 로컬 HTR, 로컬 Contents의 합
B74: 3. 주요 Miracle CXP (26.1H UNPK Base) | X74: https://space.sprinklr.com/research/insights/listening/dashboard/696592937cb16f4b0d0146d3/tab/2
B75: - Privacy Display를 활용한 공공장소에서의 SNS 및 금융/개인정보 사용에 제약이 없는 점 호평, 부분 적용 기능 긍정 | X75: □ 주요 Miracle CXP / Use Scene 분석 - Privacy Display □ 주요 Miracle CXP / Camera Feature □ 주요 Miracle CXP / AI Feature
B77: 주요 CXP | F77: 버즈량 | G77: 비중 | H77: Sentiment | J77: 내용
H78: Pos | I78: Neg
B79: Total | F79: 58759 | G79: - | H79: 0.26660331 | I79: 0.12965163 | X79: Privacy Display | Y79: 17291 | Z79: 1 | AA79: 0.31 | AB79: 0.07
C80: Display | F80: 23178 | G80: 0.25391087 | H80: 0.50709677 | I80: 0.030733138 | X80: Others | Y80: 11763 | Z80: 0.68 | AA80: 0.22 | AB80: 0.04
C81: Privacy Display | F81: 17291 | G81: 0.74600915 | H81: 0.31 | I81: 0.07 | J81: Privacy Display 부분 적용 기능 긍정 지속 | V81: https://x.com/LeakerApple/status/2016429367992467877 | X81: SNS/일상 | Y81: 4504 | Z81: 0.26 | AA81: 0.5 | AB81: 0.14
D82: SNS/일상 | F82: 4504 | G82: 0.66167181 | H82: 0.5 | I82: 0.14 | J82: 공공장소 내 자유롭게 SNS 활용 가능 | V82: https://www.youtube.com/watch?v=Ozth7ho8x18&lc=Ugx6fEdeC77h48NoIR54AaABAg | X82: 금융/개인정보 | Y82: 1390 | Z82: 0.08 | AA82: 0.53 | AB82: 0.03
D83: 금융/개인정보 | F83: 1390 | G83: 0.20420156 | H83: 0.53 | I83: 0.03 | J83: 공공장소에서 금융 알림 및 계좌 내역 보호 가능 | V83: https://www.reddit.com/r/samsunggalaxy/comments/1qp8ki5/comment/o2cf7fc/?utm_source=share&utm_medium=web3x&utm_name=web3xcss&utm_term=1&utm_content=share_button | X83: 업무 보안 | Y83: 913 | Z83: 0.05 | AA83: 0.3 | AB83: 0.05
D84: 업무 보안 | F84: 913 | G84: 0.13412663 | H84: 0.3 | I84: 0.05 | J84: 장소 상관 없이 업무 관련 내용 확인 가능 | V84: https://www.reddit.com/r/samsunggalaxy/comments/1qp8ki5/comment/o2d8lcm/?utm_source=share&utm_medium=web3x&utm_name=web3xcss&utm_term=1&utm_content=share_button
C85: Camera | F85: 8798 | G85: 0.096380527 | H85: 0.23380211 | I85: 0.14816675
C86: Zoom | F86: 2225 | G86: 0.25289839 | H86: 0.47 | I86: 0.06 | J86: 10x Zoom 탑재 관심 | V86: https://www.reddit.com/r/Android/comments/1qu5k1s/comment/o38r1w0/?utm_source=share&utm_medium=web3x&utm_name=web3xcss&utm_term=1&utm_content=share_button | X86: Zoom | Y86: 2225 | Z86: 0.13 | AA86: 0.47 | AB86: 0.06
C87: Nightography Video | F87: 185 | G87: 0.021027506 | H87: 0.55 | I87: 0.01 | X87: Nightography Video | Y87: 185 | Z87: 0.01 | AA87: 0.55 | AB87: 0.01
C88: Super Steady | F88: 41 | G88: 0.00466015 | H88: 0.22 | I88: 0.02 | X88: Super Steady | Y88: 41 | Z88: 0 | AA88: 0.22 | AB88: 0.02
C89: AI | F89: 4157 | G89: 0.045539196 | H89: 0.22791639 | I89: 0.035064059
C90: Photo Assist | F90: 2285 | G90: 0.54967525 | H90: 0.38 | I90: 0.04 | J90: Gen Edit 활용 사진 편집 긍정 | V90: https://www.reddit.com/r/samsunggalaxy/comments/1qtuix9/comment/o35p1ar/?utm_source=share&utm_medium=web3x&utm_name=web3xcss&utm_term=1&utm_content=share_button | X90: Photo Assist | Y90: 2285 | Z90: 0.08 | AA90: 0.38 | AB90: 0.04
C91: Circle to Search | F91: 474 | G91: 0.11402454 | H91: 0.42 | I91: 0.05 | J91: 텍스트 기반 검색이 불가능한 콘텐츠도 손쉽게 검색 가능 긍정 | V91: https://www.reddit.com/r/samsunggalaxy/comments/1qqr53r/comment/o2j901w/?utm_source=share&utm_medium=web3x&utm_name=web3xcss&utm_term=1&utm_content=share_button | X91: Circle to Search | Y91: 474 | Z91: 0.02 | AA91: 0.42 | AB91: 0.05
C92: Creative Studio | F92: 123 | G92: 0.029588646 | H92: 0.48 | I92: 0.04 | X92: Creative Studio | Y92: 123 | Z92: 0 | AA92: 0.48 | AB92: 0.04
B95: 4. 제품별 Feature 버즈량* (제품 Sentiment는 Sprinklr, Feature Sentiment는 AI 기반)
B96: 4-1. Miracle Family Feature 별 버즈량
B97: - Privacy Display 중심으로 Display 버즈 전년 比 3.8배 증가, Ultra 두께, 무게 등 외관 및 AP 관련 버즈 지속 발생 중
B99: Feature | E99: 버즈량 | H99: 비중 | K99: Senti. | X99: Feature only Sum Senti.
F100: 전년 比 | G100: 전년 | I100: 전년 比 | J100: 전년 | K100: Pos | L100: Neg
B101: Total | E101: 58759 | F101: 1.3081684 | G101: 44917 | H101: - | I101: - | J101: - | K101: 0.26660331 | L101: 0.12965163 | X101: 0.36145816 | Y101: 0.082697468
B102: 1 | C102: Display | E102: 23178 | F102: 3.7953168 | G102: 6107 | H102: 0.25391087 | I102: 0.1764934 | J102: 0.077417474 | K102: 0.50709677 | L102: 0.030733138 | M102: 영역별 Privacy Display 기능 추가 기대 | V102: https://x.com/LaRomeria_0901/status/2018923630084956170 | W102: https://x.com/nshimyijur96358/status/2018939351938294160
B103: 1-1 | C103: Display | D103: Privacy Display | E103: 16642 | F103: 16642 | G103: 1 | H103: 0.71800846 | I103: 0.71784471 | J103: 0.00016374652 | K103: 0.43113772 | L103: 0.017964072
B104: 1-2 | C104: Display | D104: Resolution | E104: 2915 | F104: 1.3679024 | G104: 2131 | H104: 0.12576581 | I104: -0.22317802 | J104: 0.34894383 | K104: 0.12765957 | L104: 0.063829787
B105: 1-3 | C105: Display | D105: Brightness | E105: 918 | F105: 1.5073892 | G105: 609 | H105: 0.039606523 | I105: -0.060115107 | J105: 0.099721631 | K105: 0.65306122 | L105: 0
B106: 1-4 | C106: Display | D106: Refresh Rate | E106: 909 | F106: 1.3367647 | G106: 680 | H106: 0.039218224 | I106: -0.07212941 | J106: 0.11134763 | K106: 0.33333333 | L106: 0
B107: 1-5 | C107: Display | D107: Screen Size | E107: 860 | F107: 2.8196721 | G107: 305 | H107: 0.03710415 | I107: -0.012838538 | J107: 0.049942689 | K107: 0.083333333 | L107: 0
B108: 2 | C108: Design | E108: 11598 | F108: 0.70766978 | G108: 16389 | H108: 0.12705403 | I108: -0.080706733 | J108: 0.20776076 | K108: 0.22481779 | L108: 0.093440478 | M108: (Ultra) 역대 가장 얇은 두께와 가벼운 무게 기대 | V108: https://www.reddit.com/r/samsunggalaxy/comments/1qsr4hz/comment/o3cky6p/ | W108: https://x.com/wisplite/status/2018769809891278950
B109: 2-1 | C109: Design | D109: Size | E109: 7706 | F109: 0.73250951 | G109: 10520 | H109: 0.6644249 | I109: 0.022530948 | J109: 0.64189395 | K109: 0.21993127 | L109: 0.10309278
B110: 2-2 | C110: Design | D110: Weight | E110: 3447 | F110: 2.1018293 | G110: 1640 | H110: 0.29720641 | I110: 0.1971393 | J110: 0.10006712 | K110: 0.23728814 | L110: 0.059322034
B111: 2-3 | C111: Design | D111: Material | E111: 1456 | F111: 1.7799511 | G111: 818 | H111: 0.12553889 | I111: 0.07562736 | J111: 0.049911526 | K111: 0.25 | L111: 0.11111111
B112: 2-4 | C112: Design | D112: Color | E112: 1301 | F112: 0.61454889 | G112: 2117 | H112: 0.11217451 | I112: -0.016997493 | J112: 0.12917201 | K112: 0.22 | L112: 0.04
B113: 2-5 | C113: Design | D113: Form Factor | E113: 161 | F113: 2.9272727 | G113: 55 | H113: 0.013881704 | I113: 0.010525794 | J113: 0.0033559095 | K113: 0 | L113: 0
B114: 3 | C114: AP/Memory | E114: 9966 | F114: 0.76379522 | G114: 13048 | H114: 0.10917576 | I114: -0.056231675 | J114: 0.16540743 | K114: 0.18542857 | L114: 0.11714286 | M114: (Ultra) SD8 Elite Gen 5 탑재 기대 (Base/+) Exynos 2600 반응 혼재 | V114: https://www.youtube.com/watch?v=30IDLLFqL0E&lc=UgzaEUn07CQMmTHCCD14AaABAg | W114: https://www.reddit.com/r/samsunggalaxy/comments/1qum1fd/comment/o3ee9nk/
B115: 3-1 | C115: AP/Memory | D115: AP Performance | E115: 7976 | F115: 0.99924831 | G115: 7982 | H115: 0.80032109 | I115: 0.18857983 | J115: 0.61174126 | K115: 0.2460733 | L115: 0.10732984
B116: 3-2 | C116: AP/Memory | D116: RAM | E116: 3904 | F116: 1.4022989 | G116: 2784 | H116: 0.39173189 | I116: 0.17836586 | J116: 0.21336603 | K116: 0.10526316 | L116: 0.14285714
B117: 3-3 | C117: AP/Memory | D117: Cooling system | E117: 332 | F117: 2.7438017 | G117: 121 | H117: 0.033313265 | I117: 0.024039813 | J117: 0.0092734519 | K117: 0.29411765 | L117: 0.41176471
...

Sheet 260203
B2: ="[26.1H 언팩 소셜 버즈 현황]" -> [26.1H 언팩 소셜 버즈 현황] | X2: -29D | Y2: -1D | Z2: D-day | AA2: +42D | AB2: Start Date | AC2: End Date
X3: 45651 | Y3: 45679 | Z3: 45680 | AA3: 45721 | AB3: =AB4-399 -> 45651 | AC3: =AC4-399 -> 45657
B4: ="1. 소셜 버즈 현황" -> 1. 소셜 버즈 현황 | P4: ="Data 기준 : "&YEAR(AB4)&"/"&MONTH(AB4)&"/"&DAY(AB4)&" ~ "&YEAR(AC4)&"/"&MONTH(AC4)&"/"&DAY(AC4)&" (언팩-29D ~ 언팩"&_xlfn.DAYS(AC4,Z4)&"D)" -> Data 기준 : 2026/1/28 ~ 2026/2/3 (언팩-29D ~ 언팩-23D) | X4: 46050 | Y4: 46078 | Z4: 46079 | AA4: 46120 | AB4: 46050 | AC4: 46056
C6: □ 총 버즈량 168K, 전년 比 2.5배
C7: ① IG 크리에이터 發 N-1 제품 카메라 소구 활동 (86K, 51%) | V7: https://www.instagram.com/reel/DTVVCkGjF7j
C8: ② 티징 컨텐츠 기반, Privacy Display 소셜 內 관심 확산후 소강 中 (17K, 10%) | V8: https://x.com/UniverseIce/status/2016322537777725746 | W8: https://x.com/UniverseIce/status/2016342843644883276
C9: ③ Enhypen 협업, 올림픽 연계 올림픽 카운트다운 및 Victory Selfie 컨텐츠 (7K, 5%) | V9: https://x.com/Olympic/status/2016316039202517387
C10: ④ 테크 인플루언서, 언팩 기대 요소를 댓글로 작성하는 이벤트 진행 (7K, 4%) | V10: https://x.com/SaudiAndroid/status/2016546556028014909 | W10: https://x.com/osamahesam1/status/2016560914309263778
C12: □ 디스플레이 (27%) > 디자인 (12%) > AP/Memory (11%) 順 제품 관심 생성 중
C13: ① 디스플레이 (긍 51%, 부 3%) : Privacy Display 기능 中 부분 적용 가능 루머에 혁신적인 기능이라는 긍정 반응 多 | V13: https://x.com/sondesix/status/2016520584369471682 | W13: https://x.com/jethronyagti/status/2016577101206368706
C14: (※ Use Scene : SNS/일상 67%, 금융/개인정보 20%, 업무 13% 順)
C15: ② 디자인 (긍 23%, 부 9%) : 역대 M3 중 가장 얇고 가벼운 외관 기대 | V15: https://x.com/beebomco/status/2016535725328806170 | W15: https://x.com/kandhesh/status/2016527453418819962
C16: ③ AP/Memory (긍 18%, 부 11%) : SD8 Elite Gen 5 성능 기대, Exynos 2600 적용 모델 성능 우려 일부 有 | V16: https://www.reddit.com/r/PhoneNow/comments/1qpafa0/comment/o2btjvf/ | W16: https://www.reddit.com/r/samsunggalaxy/comments/1qop48c/comment/o23f1j2/
C18: □ 발화자 : 로컬 55% > 소비자 20% > 미디어 11% > 수원 4% 順
C19: - 테크 인플루언서 중심 제품 루머 및 언팩 기대감 지속 확산 중 | V19: https://x.com/SaudiAndroid/status/2016546556028014909 | W19: https://x.com/UniverseIce/status/2016342843644883276
B23: [버즈량 현황] | X23: [HTR 제외 시]
B24: 구분 | E24: Total 버즈량 | L24: 구분 | X24: 구분 | Z24: Total 버즈량
F25: Family | I25: Buds4 +Pro | J25: AI 단독 언급 | M25: Family | S25: Buds4 +Pro | AA25: Family | AD25: Buds4 +Pro | AE25: AI 단독 언급
G26: Ultra | H26: Base/+ | O26: Ultra | Q26: Base/+ | AB26: Ultra | AC26: Base/+
M27: Pos | N27: Neg | O27: Pos | P27: Neg | Q27: Pos | R27: Neg | S27: Pos | T27: Neg
B28: 26.1H UNPK | E28: 168148 | F28: 52959 | G28: 31514 | H28: 21445 | I28: 2908 | J28: 18960 | L28: 26.1H UNPK | M28: 0.26853494 | N28: 0.12647511 | O28: 0.33354694 | P28: 0.14486543 | Q28: 0.17479933 | R28: 0.099959577 | S28: 0.22533632 | T28: 0.11995516 | X28: 26.1H UNPK | Z28: 168148 | AA28: 52959 | AB28: 31514 | AC28: 21445 | AD28: 2908 | AE28: 18960
B29: (전년 比) | E29: 2.4689161 | F29: 1.3204757 | G29: 1.472961 | H29: 1.4858311 | I29: 0.43867853 | J29: 0.52894406 | L29: (전년 比) | M29: 0.075716651 | N29: 0.032255509 | O29: 0.14073975 | P29: 0.05633857 | Q29: 0.007909378 | R29: -0.026164825 | S29: -0.023018219 | T29: -0.041738568 | X29: (전년 比) | Z29: 2.4689161 | AA29: 1.3204757 | AB29: 1.472961 | AC29: 1.4858311 | AD29: 0.43867853 | AE29: 0.52894406
B30: 25.1H UNPK | E30: 68106 | F30: 40106 | G30: 21395 | H30: 14433 | I30: 6629 | J30: 35845 | L30: 25.1H UNPK | M30: 0.19281829 | N30: 0.0942196 | O30: 0.19280719 | P30: 0.088526858 | Q30: 0.16688995 | R30: 0.1261244 | S30: 0.24835454 | T30: 0.16169373 | X30: 25.1H UNPK | Z30: 68106 | AA30: 40106 | AB30: 21395 | AC30: 14433 | AD30: 6629 | AE30: 35845
B31: ※ 제품 버즈 : Ultra 언급 버즈는 Ultra로 우선 반영, Base/+는 Ultra 언급 제외 후 집계 | L31: ※ Sentiment는 TV/News/Radio/Print 및 HTR 제외하고 추출
B32: ※ Buds4+Pro의 전작 기준은 Buds3+Pro, '24.2H 언팩 당시 공개 기준 ('25.1H 언팩 총 합계에 미 포함)
B33: ※ Brand 언급 버즈량 : 14K (#ExplorGalaxy)
B35: ="2. 발화자별 버즈 현황" -> 2. 발화자별 버즈 현황
C37: ① 수원 (7K)
C38: - 밀라노 올림픽 참석 Icon 인플루언서(Enhypen) 컨텐츠 팬 계정 내 확산 (7K) | V38: https://x.com/Olympic/status/2016316039202517387
C39: ② 로컬 (93K)
C40: - IG Creator 發 브랜드 커뮤니케이션(#ExploreGalaxy) 확산 中 (67K + 소비자 4K) | V40: https://www.instagram.com/p/DTVVCkGjF7j/
C41: - SESAR 테크 인플루언서 發 UNPK 해시태그 및 기대 제품 댓글 작성 소비자 참여 이벤트 버즈 발생 (4K) | V41: https://x.com/SaudiAndroid/status/2016546556028014909
C42: - 그 외 테크 인플루언서 發 Privercy Display, 유출된 언팩 초대장 및 제품 이미지 중심으로 제품 루머 생성 (3K) | V42: https://x.com/UniverseIce/status/2016342843644883276
C43: ③ 소비자 (34K)
C44: - Privacy Display 기능 PR 공개로 혁신성에 대한 긍정 버즈 확산 中 (12K) | V44: https://x.com/rrreggegg/status/2016407184419258802
B47: 발화자 | E47: 버즈량 | H47: 비중
F48: 전년 比 | G48: 전작 평균 | I48: 전년 比 | J48: 전작 평균
B49: Total | E49: 168148 | F49: 2.4689161 | G49: 101784 | H49: - | I49: - | J49: -
C50: 수원 | E50: 7408 | F50: 6.4811899 | G50: 3233 | H50: 0.044056426 | I50: 0.027273764 | J50: 0.031763498
D51: HTR | E51: 0 | F51: - | H51: 0 | I51: 0
D52: Icon 인플루언서 | E52: 6784 | F52: 17.852632 | H52: 0.04034541 | I52: 0.034765872
D53: Contents | E53: 624 | F53: 0.81782438 | H53: 0.0037110165 | I53: -0.0074921081
C54: 로컬 | E54: 93143 | F54: 4.5923972 | G54: 17650.25 | H54: 0.55393463 | I54: 0.25613414 | J54: 0.17340974
D55: 로컬 인플루언서 | E55: 77677 | F55: 6.2091926 | H55: 0.46195613 | I55: 0.27827188
D56: Partners | E56: 321 | F56: 0.34627832 | H56: 0.0019090325 | I56: -0.011702103
D57: 법인 활동 | E57: 15145 | F57: 2.2125639 | H57: 0.090069463 | I57: -0.010435632
C58: 미디어 | E58: 18216 | F58: 1.5827613 | G58: 17740.5 | H58: 0.10833314 | I58: -0.060653445 | J58: 0.17429642
C59: 커뮤니티 | E59: 15289 | F59: 1.0844801 | G59: 23278 | H59: 0.090925851 | I59: -0.116075 | J59: 0.22870112
C60: 소비자 | E60: 34092 | F60: 1.617728 | G60: 39881.75 | H60: 0.20274996 | I60: -0.10667946 | J60: 0.39182923
B61: ※ HTR, Icon 인플루언서, Contents 비중/로컬 인플루언서, Partners, 법인 활동 비중은 각각 수원/로컬 內 집계
B62: ※ 전작 평균 : S24, FF6, S25, FF7 해당구간 평균
B63: ※ 로컬 인플루언서 : 로컬 Icon 인플루언서, 로컬 Tech 인플루언서, 로컬 Lifestyle 인플루언서의 합
B64: ※ Partners : 로컬 PP, 로컬 Retailer, 로컬 Telco의 합
B65: ※ 법인 활동 : 로컬 HTR, 로컬 Contents의 합
B67: 3. 주요 Miracle CXP (26.1H UNPK Base) | X67: https://space.sprinklr.com/research/insights/listening/dashboard/696592937cb16f4b0d0146d3/tab/2
B68: - Privacy Display를 활용한 공공장소에서의 SNS 및 금융/개인정보 사용에 제약이 없는 점 호평, 부분 적용 기능 긍정 지속 | X68: □ 주요 Miracle CXP / Use Scene 분석 - Privacy Display □ 주요 Miracle CXP / Camera Feature □ 주요 Miracle CXP / AI Feature
B70: 주요 CXP | F70: 버즈량 | G70: 비중 | H70: Sentiment | J70: 내용
H71: Pos | I71: Neg
B72: Total | F72: =SUMIFS(Total!AM:AM,Total!$G:$G,">=" & $AB$4,Total!$G:$G,"<=" & $AC$4) -> 52959 | G72: - | H72: =SUMIFS(#REF!,#REF!,">="&'260203'!AB4,#REF!,"<="&'260203'!AC4,#REF!,"S26 Family",#REF!,"Product",#REF!,"Positive")/SUM(SUMIFS(#REF!,#REF!,">="&'260203'!AB4,#REF!,"<="&'260203'!AC4,#REF!,"S26 Family",#REF!,"Product",#REF!,"Positive"),SUMIFS(#REF!,#REF!,">="&'260203'!AB4,#REF!,"<="&'260203'!AC4,#REF!,"S26 Family",#REF!,"Product",#REF!,"Negative"),SUMIFS(#REF!,#REF!,">="&'260203'!AB4,#REF!,"<="&'260203'!AC4,#REF!,"S26 Family",#REF!,"Product",#REF!,"Neutral")) -> #REF! | I72: =SUMIFS(#REF!,#REF!,">="&'260203'!AB4,#REF!,"<="&'260203'!AC4,#REF!,"S26 Family",#REF!,"Product",#REF!,"Negative")/SUM(SUMIFS(#REF!,#REF!,">="&'260203'!AB4,#REF!,"<="&'260203'!AC4,#REF!,"S26 Family",#REF!,"Product",#REF!,"Positive"),SUMIFS(#REF!,#REF!,">="&'260203'!AB4,#REF!,"<="&'260203'!AC4,#REF!,"S26 Family",#REF!,"Product",#REF!,"Negative"),SUMIFS(#REF!,#REF!,">="&'260203'!AB4,#REF!,"<="&'260203'!AC4,#REF!,"S26 Family",#REF!,"Product",#REF!,"Neutral")) -> #REF! | X72: Privacy Display | Y72: 16953 | Z72: 1 | AA72: 0.31 | AB72: 0.06
C73: Display | F73: 22283 | G73: 0.27199932 | H73: 0.51103118 | I73: 0.029916067 | X73: Others | Y73: 11554 | Z73: 0.68 | AA73: 0.22 | AB73: 0.04
C74: Privacy Display | F74: 16953 | G74: 0.7608042 | H74: 0.31 | I74: 0.06 | J74: Privacy Display 부분 적용 기능 긍정 지속 | V74: https://x.com/LeakerApple/status/2016429367992467877 | X74: SNS/일상 | Y74: 4410 | Z74: 0.26 | AA74: 0.5 | AB74: 0.14
D75: SNS/일상 | F75: 4410 | G75: 0.66717095 | H75: 0.5 | I75: 0.14 | J75: 공공장소 내 자유롭게 SNS 활용 가능 | V75: https://www.youtube.com/watch?v=Ozth7ho8x18&lc=Ugx6fEdeC77h48NoIR54AaABAg | X75: 금융/개인정보 | Y75: 1346 | Z75: 0.08 | AA75: 0.54 | AB75: 0.03
D76: 금융/개인정보 | F76: 1346 | G76: 0.20363086 | H76: 0.54 | I76: 0.03 | J76: 공공장소에서 금융 알림 및 계좌 내역 보호 가능 | V76: https://www.reddit.com/r/samsunggalaxy/comments/1qp8ki5/comment/o2cf7fc/?utm_source=share&utm_medium=web3x&utm_name=web3xcss&utm_term=1&utm_content=share_button | W76: https://www.reddit.com/r/samsunggalaxy/comments/1qp8ki5/comment/o2k2sl8/?utm_source=share&utm_medium=web3x&utm_name=web3xcss&utm_term=1&utm_content=share_button | X76: 업무 보안 | Y76: 854 | Z76: 0.05 | AA76: 0.31 | AB76: 0.06
D77: 업무 보안 | F77: 854 | G77: 0.12919818 | H77: 0.31 | I77: 0.06 | J77: 장소 상관 없이 업무 관련 내용 확인 가능 | V77: https://www.reddit.com/r/samsunggalaxy/comments/1qp8ki5/comment/o2d8lcm/?utm_source=share&utm_medium=web3x&utm_name=web3xcss&utm_term=1&utm_content=share_button
C78: Camera | F78: 7512 | G78: 0.091695861 | H78: 0.22456352 | I78: 0.15171583
C79: Zoom | F79: 1774 | G79: 0.23615548 | H79: 0.52 | I79: 0.06 | J79: 10x Zoom 탑재 관심 | V79: https://www.reddit.com/r/Android/comments/1qu5k1s/comment/o38r1w0/?utm_source=share&utm_medium=web3x&utm_name=web3xcss&utm_term=1&utm_content=share_button | X79: Zoom | Y79: 1774 | Z79: 0.12 | AA79: 0.52 | AB79: 0.06
C80: Nightography Video | F80: 125 | G80: 0.016640043 | H80: 0.78 | I80: 0.01 | X80: Nightography Video | Y80: 125 | Z80: 0.01 | AA80: 0.78 | AB80: 0.01
C81: Super Steady | F81: 38 | G81: 0.0050585729 | H81: 0.21 | I81: 0.03 | X81: Super Steady | Y81: 38 | Z81: 0 | AA81: 0.21 | AB81: 0.03
C82: AI | F82: 3592 | G82: 0.043846051 | H82: 0.2207591 | I82: 0.03253292
C83: Photo Assist | F83: 1755 | G83: 0.48858575 | H83: 0.39 | I83: 0.04 | J83: Gen Edit 활용 사진 편집 긍정 | V83: https://www.reddit.com/r/samsunggalaxy/comments/1qtuix9/comment/o35p1ar/?utm_source=share&utm_medium=web3x&utm_name=web3xcss&utm_term=1&utm_content=share_button | X83: Photo Assist | Y83: 1755 | Z83: 0.09 | AA83: 0.39 | AB83: 0.04
C84: Circle to Search | F84: 412 | G84: 0.11469933 | H84: 0.42 | I84: 0.04 | J84: 텍스트 기반 검색이 불가능한 콘텐츠도 손쉽게 검색 가능 긍정 | V84: https://www.reddit.com/r/samsunggalaxy/comments/1qqr53r/comment/o2j901w/?utm_source=share&utm_medium=web3x&utm_name=web3xcss&utm_term=1&utm_content=share_button | X84: Circle to Search | Y84: 412 | Z84: 0.02 | AA84: 0.42 | AB84: 0.04
C85: Creative Studio | F85: 117 | G85: 0.032572383 | H85: 0.5 | I85: 0.03 | X85: Creative Studio | Y85: 117 | Z85: 0.01 | AA85: 0.5 | AB85: 0.03
B88: 4. 제품별 Feature 버즈량* (제품 Sentiment는 Sprinklr, Feature Sentiment는 AI 기반)
B89: 4-1. Miracle Family Feature 별 버즈량
B90: - Privacy Display 중심으로 Display 버즈 전년 比 4.0배 증가, Ultra 두께, 무게 등 외관 및 AP 관련 버즈 지속 발생 중
B92: Feature | E92: 버즈량 | H92: 비중 | K92: Senti. | X92: Feature only Sum Senti.
F93: 전년 比 | G93: 전년 | I93: 전년 比 | J93: 전년 | K93: Pos | L93: Neg
B94: Total | E94: =F28 -> 52959 | F94: =F29 -> 1.3204757 | G94: =F30 -> 40106 | H94: - | I94: - | J94: - | K94: =M28 -> 0.26853494 | L94: =N28 -> 0.12647511 | X94: =SUM(#REF!)/SUM(#REF!) -> #REF! | Y94: =SUM(#REF!)/SUM(#REF!) -> #REF!
B95: 1 | C95: Display | E95: 22283 | F95: 3.9776865 | G95: 5602 | H95: 0.27199932 | I95: 0.19415051 | J95: 0.077848805 | K95: 0.51103118 | L95: 0.029916067 | M95: 영역별 Privacy Display 기능 추가 기대 | V95: https://geekreft.com/2026/02/03/samsung-galaxy-s26-ultra-may-introduce-pixel-level-privacy-screen-technology/ | W95: https://www.zdnet.com/article/samsung-galaxy-s26-ultra-privacy-display-feature-unpacked/?taid=69811077fb85910001b96c78&utm_campaign=trueAnthem%3A%20Trending%20Content&utm_medium=trueAnthem&utm_source=twitter
B96: 1-1 | C96: Display | D96: Privacy Display | E96: 16350 | F96: 16350 | G96: 1 | H96: 0.73374321 | I96: 0.7335647 | J96: 0.00017850768 | K96: 0.24309392 | L96: 0.15469613
B97: 1-2 | C97: Display | D97: Resolution | E97: 2660 | F97: 1.3306653 | G97: 1999 | H97: 0.11937351 | I97: -0.23746333 | J97: 0.35683684 | K97: 0.16 | L97: 0.04
B98: 1-3 | C98: Display | D98: Refresh Rate | E98: 831 | F98: 1.3296 | G98: 625 | H98: 0.037293004 | I98: -0.074274294 | J98: 0.1115673 | K98: 0 | L98: 0.0625
B99: 1-4 | C99: Display | D99: Brightness | E99: 828 | F99: 1.4680851 | G99: 564 | H99: 0.037158372 | I99: -0.063519957 | J99: 0.10067833 | K99: 0.11764706 | L99: 0.058823529
B100: 1-5 | C100: Display | D100: Screen Size | E100: 803 | F100: 2.7406143 | G100: 293 | H100: 0.03603644 | I100: -0.016266309 | J100: 0.052302749 | K100: 0.12820513 | L100: 0.025641026
B101: 2 | C101: Design | E101: 10192 | F101: 0.66367129 | G101: 15357 | H101: 0.12440951 | I101: -0.089000721 | J101: 0.21341023 | K101: 0.22510823 | L101: 0.09152752 | M101: (Ultra) 역대 가장 얇은 두께와 가벼운 무게 기대 | V101: https://x.com/CsmAbhinav/status/2017946343801807243 | W101: https://x.com/TheGalox_/status/2018031849742729274
B102: 2-1 | C102: Design | D102: Size | E102: 6788 | F102: 0.69534931 | G102: 9762 | H102: 0.66601256 | I102: 0.030341529 | J102: 0.63567103 | K102: 0.22131148 | L102: 0.13114754
B103: 2-2 | C103: Design | D103: Weight | E103: 3037 | F103: 2.0046205 | G103: 1515 | H103: 0.29797881 | I103: 0.19932673 | J103: 0.09865208 | K103: 0.43518519 | L103: 0.074074074
B104: 2-3 | C104: Design | D104: Material | E104: 1308 | F104: 1.7463284 | G104: 749 | H104: 0.12833595 | I104: 0.079563403 | J104: 0.048772547 | K104: 0.2 | L104: 0.15714286
B105: 2-4 | C105: Design | D105: Color | E105: 1088 | F105: 0.55481897 | G105: 1961 | H105: 0.10675039 | I105: -0.020943819 | J105: 0.12769421 | K105: 0.11650485 | L105: 0.12621359
B106: 2-5 | C106: Design | D106: Form Factor | E106: 148 | F106: 3.2173913 | G106: 46 | H106: 0.014521193 | I106: 0.011525816 | J106: 0.0029953767 | K106: 0.33333333 | L106: 0
B107: 3 | C107: AP/Memory | E107: 8717 | F107: 0.75511088 | G107: 11544 | H107: 0.10640479 | I107: -0.054017662 | J107: 0.16042246 | K107: 0.18354638 | L107: 0.11242216 | M107: (Ultra) SD8 Elite Gen 5 탑재 기대 (Base/+) Exynos 2600 반응 혼재 | V107: https://www.reddit.com/r/GalaxyS21/comments/1qsa9o5/comment/o37syth/ | W107: https://www.youtube.com/watch?v=Q0DiAHbM_tw&lc=UgyGPNMUz30DQAY0ncl4AaABAg
B108: 3-1 | C108: AP/Memory | D108: AP Performance | E108: 6921 | F108: 0.98829073 | G108: 7003 | H108: 0.79396581 | I108: 0.18733033 | J108: 0.60663548 | K108: 0.20171674 | L108: 0.13733906
B109: 3-2 | C109: AP/Memory | D109: RAM | E109: 3460 | F109: 1.3713833 | G109: 2523 | H109: 0.39692555 | I109: 0.17837045 | J109: 0.21855509 | K109: 0.10606061 | L109: 0.17424242
B110: 3-3 | C110: AP/Memory | D110: Cooling system | E110: 287 | F110: 2.682243 | G110: 107 | H110: 0.032924171 | I110: 0.023655287 | J110: 0.0092688843 | K110: 0.18181818 | L110: 0.18181818
B111: 3-4 | C111: AP/Memory | E111: 0 | F111: - | G111: 0 | H111: 0 | I111: 0 | J111: 0 | K111: 0 | L111: 0
B112: 3-5 | C112: AP/Memory | E112: 0 | F112: - | G112: 0 | H112: 0 | I112: 0 | J112: 0 | K112: 0 | L112: 0
B113: 4 | C113: Camera | E113: 7512 | F113: 0.88626711 | G113: 8476 | H113: 0.091695861 | I113: -0.026091799 | J113: 0.11778766 | K113: 0.22456352 | L113: 0.15171583 | M113: 광각 카메라 조리개 F1.4 업그레이드 루머 | V113: https://www.youtube.com/watch?v=ZqzBdxpBnK4&lc=UgyRRMZqvHhFtj8Vztl4AaABAg | W113: https://x.com/manasetmurad/status/2018214241015037976
B114: 4-1 | C114: Camera | D114: Lens | E114: 3686 | F114: 0.9591465 | G114: 3843 | H114: 0.49068158 | I114: 0.037283747 | J114: 0.45339783 | K114: 0.24031008 | L114: 0.069767442
B115: 4-2 | C115: Camera | D115: Zoom | E115: 1059 | F115: 0.88029925 | G115: 1203 | H115: 0.14097444 | I115: -0.00095571484 | J115: 0.14193016 | K115: 0.54545455 | L115: 0.11363636
B116: 4-3 | C116: Camera | D116: Selfie | E116: 872 | F116: 1.4905983 | G116: 585 | H116: 0.11608094 | I116: 0.047062532 | J116: 0.069018405 | K116: 0.18181818 | L116: 0.13636364
...

Sheet 260202
B2: [26.1H 언팩 소셜 버즈 현황] | X2: -29D | Y2: -1D | Z2: D-day | AA2: +42D | AB2: Start Date | AC2: End Date
X3: 45651 | Y3: 45679 | Z3: 45680 | AA3: 45721 | AB3: 45651 | AC3: 45656
B4: 1. 소셜 버즈 현황 | P4: Data 기준 : 2026/1/28 ~ 2026/2/2 (언팩-29D ~ 언팩-24D) | X4: 46050 | Y4: 46078 | Z4: 46079 | AA4: 46120 | AB4: 46050 | AC4: 46055
C6: □ 총 버즈량 150K, 전년 比 2.6배
C7: ① IG 크레에이터 發 N-1 제품 카메라 소구 활동 (78K, 50%) | V7: https://www.instagram.com/reel/DTVVCkGjF7j
C8: ② 티징 컨텐츠 기반, Privacy Display 소셜 內 관심 확산후 소강 中 (16K, 11%) | V8: https://x.com/UniverseIce/status/2016322537777725746 | W8: https://x.com/UniverseIce/status/2016342843644883276
C9: ③ Enhypen 협업, 올림픽 연계 올림픽 카운트다운 및 Victory Selfie 컨텐츠 (7K, 5%) | V9: https://x.com/Olympic/status/2016316039202517387
C10: ④ 테크 인플루언서, 언팩 기대 요소를 댓글로 작성하는 이벤트 진행 (7K, 4%) | V10: https://x.com/SaudiAndroid/status/2016546556028014909 | W10: https://x.com/osamahesam1/status/2016560914309263778
C12: □ 디스플레이 (30%) > 디자인 (12%) > AP/Memory (10%) 順 제품 관심 생성 중
C13: ① 디스플레이 (긍 52%, 부 3%) : Privacy Display 기능 中 부분 적용 가능 루머에 혁신적인 기능이라는 긍정 반응 多 | V13: https://x.com/sondesix/status/2016520584369471682 | W13: https://x.com/jethronyagti/status/2016577101206368706
C14: (※ Use Scene : SNS/일상 68%, 금융/개인정보 20%, 업무 12% 順)
C15: ② 디자인 (긍 22%, 부 8%) : 역대 M3 중 가장 얇고 가벼운 외관 기대 | V15: https://x.com/beebomco/status/2016535725328806170 | W15: https://x.com/kandhesh/status/2016527453418819962
C16: ③ AP/Memory (긍 18%, 부 11%) : SD8 Elite Gen 5 성능 기대, Exynos 2600 적용 모델 성능 우려 일부 有 | V16: https://www.reddit.com/r/PhoneNow/comments/1qpafa0/comment/o2btjvf/ | W16: https://www.reddit.com/r/samsunggalaxy/comments/1qop48c/comment/o23f1j2/
C18: □ 발화자 : 로컬 57% > 소비자 21% > 미디어 10% > 수원 5% 順
C19: - 테크 인플루언서 중심 제품 루머 및 언팩 기대감 지속 확산 중 | V19: https://x.com/SaudiAndroid/status/2016546556028014909 | W19: https://x.com/UniverseIce/status/2016342843644883276
B23: [버즈량 현황] | X23: [HTR 제외 시]
B24: 구분 | E24: Total 버즈량 | L24: 구분 | X24: 구분 | Z24: Total 버즈량
F25: Family | I25: Buds4 +Pro | J25: AI 단독 언급 | M25: Family | S25: Buds4 +Pro | AA25: Family | AD25: Buds4 +Pro | AE25: AI 단독 언급
G26: Ultra | H26: Base/+ | O26: Ultra | Q26: Base/+ | AB26: Ultra | AC26: Base/+
M27: Pos | N27: Neg | O27: Pos | P27: Neg | Q27: Pos | R27: Neg | S27: Pos | T27: Neg
B28: 26.1H UNPK | E28: 150401 | F28: 47087 | G28: 27933 | H28: 19154 | I28: 2625 | J28: 15674 | L28: 26.1H UNPK | M28: 0.2722196 | N28: 0.11881915 | O28: 0.34349449 | P28: 0.14255244 | Q28: 0.16965085 | R28: 0.084665558 | S28: 0.22752294 | T28: 0.11192661 | X28: 26.1H UNPK | Z28: 150401 | AA28: 47087 | AB28: 27933 | AC28: 19154 | AD28: 2625 | AE28: 15674
B29: (전년 比) | E29: 2.5813267 | F29: 1.3884646 | G29: 1.5431744 | H29: 1.5890161 | I29: 0.43431502 | J29: 0.51121983 | L29: (전년 比) | M29: 0.089013494 | N29: 0.026579964 | O29: 0.15448807 | P29: 0.054985242 | Q29: 0.0072984436 | R29: -0.046805831 | S29: -0.026753296 | T29: -0.064483913 | X29: (전년 比) | Z29: 2.5813267 | AA29: 1.3884646 | AB29: 1.5431744 | AC29: 1.5890161 | AD29: 0.43431502 | AE29: 0.51121983
B30: 25.1H UNPK | E30: 58265 | F30: 33913 | G30: 18101 | H30: 12054 | I30: 6044 | J30: 30660 | L30: 25.1H UNPK | M30: 0.18320611 | N30: 0.092239186 | O30: 0.18900642 | P30: 0.087567193 | Q30: 0.16235241 | R30: 0.13147139 | S30: 0.25427623 | T30: 0.17641052 | X30: 25.1H UNPK | Z30: 58265 | AA30: 33913 | AB30: 18101 | AC30: 12054 | AD30: 6044 | AE30: 30660
B31: ※ 제품 버즈 : Ultra 언급 버즈는 Ultra로 우선 반영, Base/+는 Ultra 언급 제외 후 집계 | L31: ※ Sentiment는 TV/News/Radio/Print 및 HTR 제외하고 추출
B32: ※ Buds4+Pro의 전작 기준은 Buds3+Pro, '24.2H 언팩 당시 공개 기준 ('25.1H 언팩 총 합계에 미 포함)
B33: ※ Brand 언급 버즈량 : 14K (#ExplorGalaxy)
B35: 2. 발화자별 버즈 현황
C37: ① 수원 (7K)
C38: - 밀라노 올림픽 참석 Icon 인플루언서(Enhypen) 컨텐츠 팬 계정 내 확산 (7K) | V38: https://x.com/Olympic/status/2016316039202517387
C39: ② 로컬 (85K)
C40: - IG Creator 發 브랜드 커뮤니케이션(#ExploreGalaxy) 확산 中 (67K + 소비자 4K) | V40: https://www.instagram.com/p/DTVVCkGjF7j/
C41: - SESAR 테크 인플루언서 發 UNPK 해시태그 및 기대 제품 댓글 작성 소비자 참여 이벤트 버즈 발생 (4K) | V41: https://x.com/SaudiAndroid/status/2016546556028014909
C42: - 그 외 테크 인플루언서 發 Privercy Display 중심으로 제품 루머 생성 (3K) | V42: https://x.com/UniverseIce/status/2016342843644883276
C43: ③ 소비자 (31K)
C44: - Privacy Display 기능 PR 공개로 혁신성에 대한 긍정 버즈 확산 中 (12K) | V44: https://x.com/rrreggegg/status/2016407184419258802
B47: 발화자 | E47: 버즈량 | H47: 비중
F48: 전년 比 | G48: 전작 평균 | I48: 전년 比 | J48: 전작 평균
B49: Total | E49: 150401 | F49: 2.5813267 | G49: 88896 | H49: - | I49: - | J49: -
C50: 수원 | E50: 7239 | F50: 7.8090615 | G50: 3014.75 | H50: 0.048131329 | I50: 0.032221263 | J50: 0.033913224
D51: HTR | E51: 0 | F51: - | H51: 0 | I51: 0
D52: Icon 인플루언서 | E52: 6684 | F52: 24.755556 | H52: 0.044441194 | I52: 0.039807194
D53: Contents | E53: 555 | F53: 0.84474886 | H53: 0.003690135 | I53: -0.0075859312
C54: 로컬 | E54: 85070 | F54: 4.6468564 | G54: 15705.75 | H54: 0.56562124 | I54: 0.25141889 | J54: 0.17667555
D55: 로컬 인플루언서 | E55: 76346 | F55: 6.6295589 | H55: 0.50761631 | I55: 0.30996763
D56: Partners | E56: 295 | F56: 0.35160906 | H56: 0.0019614231 | I56: -0.012438302
D57: 법인 활동 | E57: 8429 | F57: 1.4161626 | H57: 0.05604351 | I57: -0.046110441
C58: 미디어 | E58: 15449 | F58: 1.6212614 | G58: 15357 | H58: 0.10271873 | I58: -0.060827136 | J58: 0.17275243
C59: 커뮤니티 | E59: 11602 | F59: 0.97234328 | G59: 19564.75 | H59: 0.077140445 | I59: -0.12764802 | J59: 0.22008583
C60: 소비자 | E60: 31041 | F60: 1.7667046 | G60: 35253.75 | H60: 0.20638826 | I60: -0.095164993 | J60: 0.39657296
B61: ※ HTR, Icon 인플루언서, Contents 비중/로컬 인플루언서, Partners, 법인 활동 비중은 각각 수원/로컬 內 집계
B62: ※ 전작 평균 : S24, FF6, S25, FF7 해당구간 평균
B63: ※ 로컬 인플루언서 : 로컬 Icon 인플루언서, 로컬 Tech 인플루언서, 로컬 Lifestyle 인플루언서의 합
B64: ※ Partners : 로컬 PP, 로컬 Retailer, 로컬 Telco의 합
B65: ※ 법인 활동 : 로컬 HTR, 로컬 Contents의 합
B67: 3. 주요 Miracle CXP (26.1H UNPK Base)
B68: - Privacy Display를 활용한 공공장소에서의 SNS 및 금융/개인정보 사용에 제약이 없는 점 호평, 부분 적용 기능 긍정 지속
B70: 주요 CXP | F70: 버즈량 | G70: 비중 | H70: Sentiment | J70: 내용
H71: Pos | I71: Neg
B72: Total | F72: 47087 | G72: - | H72: 0.2722196 | I72: 0.11881915
C73: Display | F73: 21211 | G73: 0.29567314 | H73: 0.51724773 | I73: 0.028111957
C74: Privacy Display | F74: 16582 | G74: 0.78176418 | H74: 0.31 | I74: 0.06 | J74: Privacy Display 부분 적용 기능 긍정 지속 | V74: https://x.com/LeakerApple/status/2016429367992467877
D75: SNS/일상 | F75: 4312 | G75: 0.67512134 | H75: 0.51 | I75: 0.14 | J75: 공공장소 내 자유롭게 SNS 활용 가능 | V75: https://www.reddit.com/r/Damnthatsinteresting/comments/1qpf1mo/comment/o2nx5j2/?utm_source=share&utm_medium=web3x&utm_name=web3xcss&utm_term=1&utm_content=share_button
D76: 금융/개인정보 | F76: 1282 | G76: 0.20072021 | H76: 0.55 | I76: 0.02 | J76: 공공장소에서 금융 알림 및 계좌 내역 보호 가능 | V76: https://www.reddit.com/r/samsunggalaxy/comments/1qp8ki5/comment/o2cf7fc/?utm_source=share&utm_medium=web3x&utm_name=web3xcss&utm_term=1&utm_content=share_button | W76: https://www.reddit.com/r/samsunggalaxy/comments/1qp8ki5/comment/o2k2sl8/?utm_source=share&utm_medium=web3x&utm_name=web3xcss&utm_term=1&utm_content=share_button
D77: 업무 보안 | F77: 793 | G77: 0.12415845 | H77: 0.31 | I77: 0.06 | J77: 장소 상관 없이 업무 관련 내용 확인 가능 | V77: https://www.reddit.com/r/samsunggalaxy/comments/1qp8ki5/comment/o2d8lcm/?utm_source=share&utm_medium=web3x&utm_name=web3xcss&utm_term=1&utm_content=share_button
C78: Camera | F78: 6505 | G78: 0.090677186 | H78: 0.22829037 | I78: 0.14993216
C79: Zoom | F79: 1567 | G79: 0.24089162 | H79: 0.54 | I79: 0.06 | J79: Zoom-in-Mic 기능 탑재 기대감 | V79: https://x.com/ph10987/status/2016452004340789388
C80: Nightography Video | F80: 59 | G80: 0.0090699462 | H80: 0.58 | I80: 0
C81: Super Steady | F81: 13 | G81: 0.0019984627 | H81: 0.23 | I81: 0
C82: AI | F82: 3187 | G82: 0.044425549 | H82: 0.2187234 | I82: 0.034893617
C83: Photo Assist | F83: 1505 | G83: 0.47223094 | H83: 0.39 | I83: 0.04 | J83: Gen Edit 활용 사진 편집 긍정 | V83: https://www.reddit.com/r/samsunggalaxy/comments/1qtuix9/comment/o35p1ar/?utm_source=share&utm_medium=web3x&utm_name=web3xcss&utm_term=1&utm_content=share_button
C84: Circle to Search | F84: 362 | G84: 0.11358644 | H84: 0.44 | I84: 0.03 | J84: 텍스트 기반 검색이 불가능한 콘텐츠도 손쉽게 검색 가능 긍정 | V84: https://www.reddit.com/r/samsunggalaxy/comments/1qqr53r/comment/o2j901w/?utm_source=share&utm_medium=web3x&utm_name=web3xcss&utm_term=1&utm_content=share_button
C85: Creative Studio | F85: 87 | G85: 0.0272984 | H85: 0.41 | I85: 0.03
B88: 4. 제품별 Feature 버즈량* (제품 Sentiment는 Sprinklr, Feature Sentiment는 AI 기반)
B89: 4-1. Miracle Family Feature 별 버즈량
B90: - Privacy Display 중심으로 Display 버즈 전년 比 4.4배 증가, Ultra 두께, 무게 등 외관 및 AP 관련 버즈 지속 발생 중
B92: Feature | E92: 버즈량 | H92: 비중 | K92: Senti. | X92: Feature only Sum Senti.
F93: 전년 比 | G93: 전년 | I93: 전년 比 | J93: 전년 | K93: Pos | L93: Neg
B94: Total | E94: 47087 | F94: 1.3884646 | G94: 33913 | H94: - | I94: - | J94: - | K94: 0.2722196 | L94: 0.11881915 | X94: 0.3870579 | Y94: 0.073687835
B95: 1 | C95: Display | E95: 21211 | F95: 4.4309588 | G95: 4787 | H95: 0.29567314 | I95: 0.2184535 | J95: 0.077219641 | K95: 0.51724773 | L95: 0.028111957 | M95: 영역별 Privacy Display 기능 추가 기대 | V95: https://www.youtube.com/watch?v=v26QpfOeRs0&lc=Ugw3jHoQwognl02tTkt4AaABAg | W95: https://x.com/TyrrickN/status/2016799010615333316
B96: 1-1 | C96: Display | D96: Privacy Display | E96: 14209 | F96: 14209 | G96: 1 | H96: 0.66988827 | I96: 0.66967937 | J96: 0.0002088991 | K96: 0.30481283 | L96: 0.032085561
B97: 1-2 | C97: Display | D97: Resolution | E97: 738 | F97: 0.42003415 | G97: 1757 | H97: 0.034793268 | I97: -0.33224245 | J97: 0.36703572 | K97: 0.10204082 | L97: 0.020408163
B98: 1-3 | C98: Display | D98: Brightness | E98: 415 | F98: 0.80896686 | G98: 513 | H98: 0.01956532 | I98: -0.087599919 | J98: 0.10716524 | K98: 0.18604651 | L98: 0
B99: 1-4 | C99: Display | D99: Screen Size | E99: 316 | F99: 1.1575092 | G99: 273 | H99: 0.01489793 | I99: -0.042131524 | J99: 0.057029455 | K99: 0.025 | L99: 0.075
B100: 1-5 | C100: Display | D100: Refresh Rate | E100: 108 | F100: 0.19115044 | G100: 565 | H100: 0.0050916977 | I100: -0.11293629 | J100: 0.11802799 | K100: 0 | L100: 0
B101: 2 | C101: Design | E101: 8607 | F101: 0.63365972 | G101: 13583 | H101: 0.11997825 | I101: -0.099130663 | J101: 0.21910892 | K101: 0.22248409 | L101: 0.084138581 | M101: 역대 Ultra 중 가장 얇은 두께와 가벼운 무게 기대 | V101: x.com/TechKard/status/2017848099428000210 | W101: https://x.com/Rapid_for_North/status/2018192824953713102
B102: 2-1 | C102: Design | D102: Size | E102: 2148 | F102: 0.25119869 | G102: 8551 | H102: 0.24956431 | I102: -0.37997261 | J102: 0.62953692 | K102: 0.29177057 | L102: 0.097256858
B103: 2-2 | C103: Design | D103: Weight | E103: 1067 | F103: 0.78340675 | G103: 1362 | H103: 0.12396886 | I103: 0.023696463 | J103: 0.1002724 | K103: 0.27731092 | L103: 0.067226891
B104: 2-3 | C104: Design | D104: Material | E104: 499 | F104: 0.7359882 | G104: 678 | H104: 0.057976066 | I104: 0.0080607306 | J104: 0.049915335 | K104: 0.359375 | L104: 0.28125
B105: 2-4 | C105: Design | D105: Color | E105: 367 | F105: 0.21067738 | G105: 1742 | H105: 0.042639712 | I105: -0.085608834 | J105: 0.12824855 | K105: 0.10377358 | L105: 0.028301887
B106: 2-5 | C106: Design | D106: Form Factor | E106: 33 | F106: 1.137931 | G106: 29 | H106: 0.0038340885 | I106: 0.0016990668 | J106: 0.0021350217 | K106: 0.22222222 | L106: 0.11111111
B107: 3 | C107: AP/Memory | E107: 7258 | F107: 0.74227858 | G107: 9778 | H107: 0.10117372 | I107: -0.056556314 | J107: 0.15773003 | K107: 0.18174635 | L107: 0.10825761 | M107: Ultra SD8 Elite Gen 5 탑재, Base/+ Exynos 2600 탑재 | V107: https://www.youtube.com/watch?v=OqwevRSjc5Y&lc=UgzWKiEmhCKKNDVk3zp4AaABAg | W107: https://x.com/grok/status/2017383304312263112
B108: 3-1 | C108: AP/Memory | D108: AP Performance | E108: 1957 | F108: 0.33107765 | G108: 5911 | H108: 0.26963351 | I108: -0.33488684 | J108: 0.60452035 | K108: 0.27819549 | L108: 0.078947368
B109: 3-2 | C109: AP/Memory | D109: RAM | E109: 852 | F109: 0.36979167 | G109: 2304 | H109: 0.11738771 | I109: -0.1182433 | J109: 0.23563101 | K109: 0.088607595 | L109: 0.17721519
B110: 3-3 | C110: AP/Memory | D110: Cooling system | E110: 154 | F110: 1.54 | G110: 100 | H110: 0.021217966 | I110: 0.010990926 | J110: 0.01022704 | K110: 0.17647059 | L110: 0.11764706
B111: 3-4 | C111: AP/Memory | E111: 0 | F111: - | G111: 0 | H111: 0 | I111: 0 | J111: 0 | K111: 0 | L111: 0
B112: 3-5 | C112: AP/Memory | E112: 0 | F112: - | G112: 0 | H112: 0 | I112: 0 | J112: 0 | K112: 0 | L112: 0
B113: 4 | C113: Camera | E113: 6505 | F113: 0.8667555 | G113: 7505 | H113: 0.090677186 | I113: -0.030386822 | J113: 0.12106401 | K113: 0.22829037 | L113: 0.14993216 | M113: 200MP F1.4 메인 센서 + 망원 F2.9 업그레이드 | V113: https://x.com/itsAmartech/status/2018167877120164233 | W113: https://www.reddit.com/r/tech_flames/comments/1qp95wt/galaxy_s26_ultra_leaked_specs_samsungs_2026/
B114: 4-1 | C114: Camera | D114: Lens | E114: 1180 | F114: 0.3375286 | G114: 3496 | H114: 0.18139892 | I114: -0.28442386 | J114: 0.46582278 | K114: 0.17982456 | L114: 0.070175439
B115: 4-2 | C115: Camera | D115: Zoom | E115: 252 | F115: 0.23796034 | G115: 1059 | H115: 0.038739431 | I115: -0.1023665 | J115: 0.14110593 | K115: 0.29268293 | L115: 0.19512195
B116: 4-3 | C116: Camera | D116: Selfie | E116: 204 | F116: 0.38931298 | G116: 524 | H116: 0.031360492 | I116: -0.038459628 | J116: 0.06982012 | K116: 0 | L116: 0.10526316
...

Sheet 260201
B2: [26.1H 언팩 소셜 버즈 현황] | X2: -29D | Y2: -1D | Z2: D-day | AA2: +42D | AB2: Start Date | AC2: End Date
X3: 45651 | Y3: 45679 | Z3: 45680 | AA3: 45721 | AB3: 45651 | AC3: 45655
B4: 1. 소셜 버즈 현황 | P4: Data 기준 : 2026/1/28 ~ 2026/2/1 (언팩-29D ~ 언팩-25D) | X4: 46050 | Y4: 46078 | Z4: 46079 | AA4: 46120 | AB4: 46050 | AC4: 46054
C6: □ 총 버즈량 135K, 전년 比 2.8배
C7: ① IG 크레에이터 發 N-1 제품 카메라 소구 활동 (71K, 52%) | V7: https://www.instagram.com/reel/DTVVCkGjF7j
C8: ② 티징 컨텐츠 기반, Privacy Display 소셜 內 관심 확산후 소강 中 (16K, 11%) | V8: https://x.com/UniverseIce/status/2016322537777725746 | W8: https://x.com/UniverseIce/status/2016342843644883276
C9: ③ Enhypen 협업, 올림픽 연계 올림픽 카운트다운 및 Victory Selfie 컨텐츠 (7K, 5%) | V9: https://x.com/Olympic/status/2016316039202517387
C10: ④ 테크 인플루언서, 언팩 기대 요소를 댓글로 작성하는 이벤트 진행 (6K, 5%) | V10: https://x.com/SaudiAndroid/status/2016546556028014909 | W10: https://x.com/osamahesam1/status/2016560914309263778
C12: □ 디스플레이 (32%) > 디자인 (11%) > AP/Memory (10%) 順 제품 관심 생성 중
C13: ① 디스플레이 (긍 53%, 부 3%) : Privacy Display 기능 中 부분 적용 가능 루머에 혁신적인 기능이라는 긍정 반응 多 | V13: https://x.com/sondesix/status/2016520584369471682 | W13: https://x.com/jethronyagti/status/2016577101206368706
C14: (※ Use Scene : SNS/일상 26%, 금융/개인정보 8%, 업무 4% 順)
C15: ② 디자인 (긍 20%, 부 8%) : 얇고 가벼운 외관 및 색상 관련 루머 확산 | V15: https://x.com/beebomco/status/2016535725328806170 | W15: https://x.com/kandhesh/status/2016527453418819962
C16: ③ AP/Memory (긍 17%, 부 11%) : SD8 Elite Gen 5 성능 기대, Exynos 2600 적용 모델 성능 우려 일부 有 | V16: https://www.reddit.com/r/PhoneNow/comments/1qpafa0/comment/o2btjvf/ | W16: https://www.reddit.com/r/samsunggalaxy/comments/1qop48c/comment/o23f1j2/
C18: □ 발화자 : 로컬 57% > 소비자 21% > 미디어 10% > 수원 5% 順
C19: - 테크 인플루언서 중심 제품 루머 및 언팩 기대감 지속 확산 중 | V19: https://x.com/SaudiAndroid/status/2016546556028014909 | W19: https://x.com/UniverseIce/status/2016342843644883276
B23: [버즈량 현황] | X23: [HTR 제외 시]
B24: 구분 | E24: Total 버즈량 | L24: 구분 | X24: 구분 | Z24: Total 버즈량
F25: Family | I25: Buds4 +Pro | J25: AI 단독 언급 | M25: Family | S25: Buds4 +Pro | AA25: Family | AD25: Buds4 +Pro | AE25: AI 단독 언급
G26: Ultra | H26: Base/+ | O26: Ultra | Q26: Base/+ | AB26: Ultra | AC26: Base/+
M27: Pos | N27: Neg | O27: Pos | P27: Neg | Q27: Pos | R27: Neg | S27: Pos | T27: Neg
B28: 26.1H UNPK | E28: 135372 | F28: 41838 | G28: 23964 | H28: 17874 | I28: 2381 | J28: 13456 | L28: 26.1H UNPK | M28: 0.27192623 | N28: 0.11305621 | O28: 0.35211268 | P28: 0.13848052 | Q28: 0.16585067 | R28: 0.079423365 | S28: 0.22881921 | T28: 0.10873916 | X28: 26.1H UNPK | Z28: 135372 | AA28: 41838 | AB28: 23964 | AC28: 17874 | AD28: 2381 | AE28: 13456
B29: (전년 比) | E29: 2.7865215 | F29: 1.491604 | G29: 1.6534879 | H29: 1.733993 | I29: 0.42877724 | J29: 0.52447771 | L29: (전년 比) | M29: 0.086417718 | N29: 0.020270772 | O29: 0.15621619 | P29: 0.050739514 | Q29: 0.012167578 | R29: -0.055181829 | S29: -0.013985005 | T29: -0.073933967 | X29: (전년 比) | Z29: 2.7865215 | AA29: 1.491604 | AB29: 1.6534879 | AC29: 1.733993 | AD29: 0.42877724 | AE29: 0.52447771
B30: 25.1H UNPK | E30: 48581 | F30: 28049 | G30: 14493 | H30: 10308 | I30: 5553 | J30: 25656 | L30: 25.1H UNPK | M30: 0.18550851 | N30: 0.092785434 | O30: 0.19589648 | P30: 0.087741004 | Q30: 0.15368309 | R30: 0.13460519 | S30: 0.24280422 | T30: 0.18267313 | X30: 25.1H UNPK | Z30: 48581 | AA30: 28049 | AB30: 14493 | AC30: 10308 | AD30: 5553 | AE30: 25656
B31: ※ 제품 버즈 : Ultra 언급 버즈는 Ultra로 우선 반영, Base/+는 Ultra 언급 제외 후 집계 | L31: ※ Sentiment는 TV/News/Radio/Print 및 HTR 제외하고 추출
B32: ※ Buds4+Pro의 전작 기준은 Buds3+Pro, '24.2H 언팩 당시 공개 기준 ('25.1H 언팩 총 합계에 미 포함)
B33: ※ Brand 언급 버즈량 : 14K (#ExplorGalaxy)
B35: 2. 발화자별 버즈 현황
C37: ① 수원 (7K)
C38: - 밀라노 올림픽 참석 Icon 인플루언서(Enhypen) 컨텐츠 팬 계정 내 확산 (7K) | V38: https://x.com/Olympic/status/2016316039202517387
C39: ② 로컬 (78K)
C40: - IG Creator 發 브랜드 커뮤니케이션(#ExploreGalaxy) 확산 中 (67K + 소비자 4K) | V40: https://www.instagram.com/p/DTVVCkGjF7j/
C41: - SESAR 테크 인플루언서 發 UNPK 해시태그 및 기대 제품 댓글 작성 소비자 참여 이벤트 버즈 발생 (4K) | V41: https://x.com/SaudiAndroid/status/2016546556028014909
C42: - 그 외 테크 인플루언서 發 Privercy Display 중심으로 제품 루머 생성 (2K) | V42: https://x.com/UniverseIce/status/2016342843644883276
C43: ③ 소비자 (28K)
C44: - Privacy Display 기능 PR 공개로 혁신성에 대한 긍정 버즈 확산 中 (12K) | V44: https://x.com/rrreggegg/status/2016407184419258802
B47: 발화자 | E47: 버즈량 | H47: 비중
F48: 전년 比 | G48: 전작 평균 | I48: 전년 比 | J48: 전작 평균
B49: Total | E49: 135372 | F49: 2.7865215 | G49: 78046 | H49: - | I49: - | J49: -
C50: 수원 | E50: 7115 | F50: 10.55638 | G50: 2781.25 | H50: 0.052558875 | I50: 0.038685138 | J50: 0.035636035
D51: HTR | E51: 0 | F51: - | H51: 0 | I51: 0
D52: Icon 인플루언서 | E52: 6643 | F52: 34.780105 | H52: 0.93366128 | I52: 0.65027849
D53: Contents | E53: 472 | F53: 0.97722567 | H53: 0.066338721 | I53: -0.65027849
C54: 로컬 | E54: 77588 | F54: 4.6937689 | G54: 14011.5 | H54: 0.57314659 | I54: 0.23289011 | J54: 0.17952874
D55: 로컬 인플루언서 | E55: 75122 | F55: 6.9972057 | H55: 0.96821673 | I55: 0.31873095
D56: Partners | E56: 269 | F56: 0.36598639 | H56: 0.003467031 | I56: -0.040997579
D57: 법인 활동 | E57: 2197 | F57: 0.43427555 | H57: 0.028316234 | I57: -0.27773337
C58: 미디어 | E58: 12988 | F58: 1.6924681 | G58: 13776.5 | H58: 0.095943031 | I58: -0.062019959 | J58: 0.17651769
C59: 커뮤니티 | E59: 9616 | F59: 1.0035483 | G59: 16627 | H59: 0.071033892 | I59: -0.12620371 | J59: 0.21304103
C60: 소비자 | E60: 28065 | F60: 1.9874655 | G60: 30849.75 | H60: 0.20731761 | I60: -0.083351578 | J60: 0.3952765
B61: ※ HTR, Icon 인플루언서, Contents 비중/로컬 인플루언서, Partners, 법인 활동 비중은 각각 수원/로컬 內 집계
B62: ※ 전작 평균 : S24, FF6, S25, FF7 해당구간 평균
B63: ※ 로컬 인플루언서 : 로컬 Icon 인플루언서, 로컬 Tech 인플루언서, 로컬 Lifestyle 인플루언서의 합
B64: ※ Partners : 로컬 PP, 로컬 Retailer, 로컬 Telco의 합
B65: ※ 법인 활동 : 로컬 HTR, 로컬 Contents의 합
B67: 3. 주요 Miracle CXP (26.1H UNPK Base)
B68: - Privacy Display를 활용한 공공장소에서의 SNS 및 금융/개인정보 사용에 제약이 없는 점 호평, 부분 적용 기능 긍정 지속
B70: 주요 CXP | F70: 버즈량 | G70: 비중 | H70: Sentiment | J70: 내용
H71: Pos | I71: Neg
B72: Total | F72: 41838 | G72: - | H72: 0.27192623 | I72: 0.11305621
C73: Display | F73: 20152 | G73: 0.32092749 | H73: 0.52360866 | I73: 0.026693528
C74: Privacy Display | F74: 16212 | G74: 0.80448591 | H74: 0.31 | I74: 0.06 | J74: Privacy Display 부분 적용 기능 긍정 지속 | V74: https://x.com/LeakerApple/status/2016429367992467877
D75: SNS/일상 | F75: 4232 | G75: 0.2610412 | H75: 0.51 | I75: 0.14 | J75: 공공장소 내 자유롭게 SNS 활용 가능 | V75: https://www.reddit.com/r/Damnthatsinteresting/comments/1qpf1mo/comment/o2nx5j2/?utm_source=share&utm_medium=web3x&utm_name=web3xcss&utm_term=1&utm_content=share_button
D76: 금융/개인정보 | F76: 1234 | G76: 0.076116457 | H76: 0.56 | I76: 0.02 | J76: 공공장소에서 금융 알림 및 계좌 내역 보호 가능 | V76: https://www.reddit.com/r/samsunggalaxy/comments/1qp8ki5/comment/o2cf7fc/?utm_source=share&utm_medium=web3x&utm_name=web3xcss&utm_term=1&utm_content=share_button | W76: https://www.reddit.com/r/samsunggalaxy/comments/1qp8ki5/comment/o2k2sl8/?utm_source=share&utm_medium=web3x&utm_name=web3xcss&utm_term=1&utm_content=share_button
D77: 업무 보안 | F77: 725 | G77: 0.044719961 | H77: 0.32 | I77: 0.05 | J77: 장소 상관 없이 업무 관련 내용 확인 가능 | V77: https://www.reddit.com/r/samsunggalaxy/comments/1qp8ki5/comment/o2d8lcm/?utm_source=share&utm_medium=web3x&utm_name=web3xcss&utm_term=1&utm_content=share_button
C78: Camera | F78: 5321 | G78: 0.084738745 | H78: 0.22837228 | I78: 0.14514145
C79: Zoom | F79: 1356 | G79: 0.25483932 | H79: 0.57 | I79: 0.05 | J79: Zoom-in-Mic 기능 탑재 기대감 | V79: https://x.com/ph10987/status/2016452004340789388
C80: Nightography Video | F80: 60 | G80: 0.011276076 | H80: 0.58 | I80: 0
C81: Super Steady | F81: 13 | G81: 0.0024431498 | H81: 0.23 | I81: 0
C82: AI | F82: 2749 | G82: 0.043778765 | H82: 0.21880998 | I82: 0.032629559
C83: Photo Assist | F83: 1307 | G83: 0.47544562 | H83: 0.41 | I83: 0.04 | J83: Gen Edit 활용 사진 편집 긍정 | V83: https://www.reddit.com/r/AskTechnology/comments/1pgs9r6/comment/o2qdytx/?utm_source=share&utm_medium=web3x&utm_name=web3xcss&utm_term=1&utm_content=share_button
C84: Circle to Search | F84: 316 | G84: 0.11495089 | H84: 0.43 | I84: 0.03
C85: Creative Studio | F85: 80 | G85: 0.029101491 | H85: 0.39 | I85: 0.04
B88: 4. 제품별 Feature 버즈량* (제품 Sentiment는 Sprinklr, Feature Sentiment는 AI 기반)
B89: 4-1. Miracle Family Feature 별 버즈량
B90: - Privacy Display 중심으로 Display 버즈 전년 比 5.0배 증가, 울트라 신규 색상 및 AP 관련 버즈 지속 발생 중 울트라는 배터리 용량 유지로 인한 소비자 불만 有
B92: Feature | E92: 버즈량 | H92: 비중 | K92: Senti. | X92: Feature only Sum Senti.
F93: 전년 比 | G93: 전년 | I93: 전년 比 | J93: 전년 | K93: Pos | L93: Neg
B94: Total | E94: 41838 | F94: 1.491604 | G94: 28049 | H94: - | I94: - | J94: - | K94: 0.27192623 | L94: 0.11305621 | X94: 0.40101387 | Y94: 0.067859346
B95: 1 | C95: Display | E95: 20152 | F95: 5.0079523 | G95: 4024 | H95: 0.32092749 | I95: 0.24249612 | J95: 0.078431373 | K95: 0.52360866 | L95: 0.026693528 | M95: 영역별 Privacy Display 기능 추가 기대 | V95: https://x.com/codewithzx/status/2016948645309059190 | W95: https://www.reddit.com/r/samsunggalaxy/comments/1qp8ki5/exclusive_samsung_s26_ultra_introduces_localized/
B96: 1-1 | C96: Display | D96: Privacy Display | E96: 14018 | F96: 14018 | G96: 1 | H96: 0.69561334 | I96: 0.69536483 | J96: 0.00024850895 | K96: 0.33632287 | L96: 0.053811659
B97: 1-2 | C97: Display | D97: Resolution | E97: 640 | F97: 0.41720991 | G97: 1534 | H97: 0.031758634 | I97: -0.34945409 | J97: 0.38121272 | K97: 0.11111111 | L97: 0.014814815
B98: 1-3 | C98: Display | D98: Brightness | E98: 373 | F98: 0.83632287 | G98: 446 | H98: 0.018509329 | I98: -0.092325661 | J98: 0.11083499 | K98: 0 | L98: 0.083333333
B99: 1-4 | C99: Display | D99: Screen Size | E99: 276 | F99: 1.2376682 | G99: 223 | H99: 0.013695911 | I99: -0.041721584 | J99: 0.055417495 | K99: 0.14634146 | L99: 0.024390244
B100: 1-5 | C100: Display | D100: Refresh Rate | E100: 97 | F100: 0.19322709 | G100: 502 | H100: 0.004813418 | I100: -0.11993807 | J100: 0.12475149 | K100: 0.0625 | L100: 0
B101: 2 | C101: Design | E101: 7188 | F101: 0.63638778 | G101: 11295 | H101: 0.11447136 | I101: -0.10567833 | J101: 0.22014969 | K101: 0.20100925 | L101: 0.07569386 | M101: Ultra 6가지 색상 구성 루머 확산, Ultra 중 가장 얇은 두께 기대 | V101: https://x.com/UndercodeNews/status/2016811078752010371 | W101: https://www.reddit.com/r/samsunggalaxy/comments/1qsutxn/comment/o2yc42t/?utm_source=share&utm_medium=web3x&utm_name=web3xcss&utm_term=1&utm_content=share_button
B102: 2-1 | C102: Design | D102: Size | E102: 1742 | F102: 0.23395111 | G102: 7446 | H102: 0.24234836 | I102: -0.41688139 | J102: 0.65922975 | K102: 0.2835443 | L102: 0.14177215
B103: 2-2 | C103: Design | D103: Weight | E103: 946 | F103: 0.78964942 | G103: 1198 | H103: 0.13160824 | I103: 0.025543606 | J103: 0.10606463 | K103: 0.20261438 | L103: 0.032679739
B104: 2-3 | C104: Design | D104: Material | E104: 435 | F104: 0.72379368 | G104: 601 | H104: 0.060517529 | I104: 0.0073081445 | J104: 0.053209385 | K104: 0.35483871 | L104: 0.25806452
B105: 2-4 | C105: Design | D105: Color | E105: 260 | F105: 0.16861219 | G105: 1542 | H105: 0.036171397 | I105: -0.10034919 | J105: 0.13652058 | K105: 0.15909091 | L105: 0.022727273
B106: 2-5 | C106: Design | D106: Form Factor | E106: 25 | F106: 1.0416667 | G106: 24 | H106: 0.0034780189 | I106: 0.0013531849 | J106: 0.002124834 | K106: 0.22222222 | L106: 0.22222222
B107: 3 | C107: AP/Memory | E107: 6126 | F107: 0.77377795 | G107: 7917 | H107: 0.097558645 | I107: -0.056750792 | J107: 0.15430944 | K107: 0.17453046 | L107: 0.10627577 | M107: Ultra SD8 Elite Gen 5 탑재, Base/+ Exynos 2600 탑재 | V107: https://x.com/TechTrendsJP/status/2017052268043059473 | W107: https://www.reddit.com/r/samsunggalaxy/comments/1qop48c/comment/o23f1j2/
B108: 3-1 | C108: AP/Memory | D108: AP Performance | E108: 1668 | F108: 0.3279591 | G108: 5086 | H108: 0.27228208 | I108: -0.37013298 | J108: 0.64241506 | K108: 0.20437956 | L108: 0.10218978
B109: 3-2 | C109: AP/Memory | D109: RAM | E109: 770 | F109: 0.36701621 | G109: 2098 | H109: 0.12569376 | I109: -0.1393056 | J109: 0.26499937 | K109: 0.14166667 | L109: 0.18333333
B110: 3-3 | C110: AP/Memory | D110: Cooling system | E110: 135 | F110: 1.4835165 | G110: 91 | H110: 0.022037218 | I110: 0.010542966 | J110: 0.011494253 | K110: 0.13513514 | L110: 0.18918919
B111: 3-4 | C111: AP/Memory | E111: 0 | F111: - | G111: 0 | H111: 0 | I111: 0 | J111: 0 | K111: 0 | L111: 0
B112: 3-5 | C112: AP/Memory | E112: 0 | F112: - | G112: 0 | H112: 0 | I112: 0 | J112: 0 | K112: 0 | L112: 0
B113: 4 | C113: Camera | E113: 5321 | F113: 0.85711985 | G113: 6208 | H113: 0.084738745 | I113: -0.036260748 | J113: 0.12099949 | K113: 0.22837228 | L113: 0.14514145 | M113: 200MP F1.4 메인 센서 + 망원 F2.9 업그레이드 | V113: https://x.com/esprecchiato/status/2016738074131386651 | W113: https://www.reddit.com/r/tech_flames/comments/1qp95wt/galaxy_s26_ultra_leaked_specs_samsungs_2026/
B114: 4-1 | C114: Camera | D114: Lens | E114: 950 | F114: 0.31291173 | G114: 3036 | H114: 0.17853787 | I114: -0.31050852 | J114: 0.48904639 | K114: 0.20948617 | L114: 0.079051383
B115: 4-2 | C115: Camera | D115: Zoom | E115: 211 | F115: 0.25700365 | G115: 821 | H115: 0.0396542 | I115: -0.092594511 | J115: 0.13224871 | K115: 0.28 | L115: 0.22
B116: 4-3 | C116: Camera | D116: Selfie | E116: 185 | F116: 0.44794189 | G116: 413 | H116: 0.034767901 | I116: -0.031759161 | J116: 0.066527062 | K116: 0.1627907 | L116: 0.069767442
...

Sheet 260129
B2: ="[26.1H 언팩 소셜 버즈 현황]" -> [26.1H 언팩 소셜 버즈 현황] | X2: -29D | Y2: -1D | Z2: D-day | AA2: +42D | AB2: Start Date | AC2: End Date
X3: 45651 | Y3: 45679 | Z3: 45680 | AA3: 45721 | AB3: =AB4-399 -> 45651 | AC3: =AC4-399 -> 45652
B4: ="1. 소셜 버즈 현황" -> 1. 소셜 버즈 현황 | P4: ="Data 기준 : "&YEAR(AB4)&"/"&MONTH(AB4)&"/"&DAY(AB4)&" ~ "&YEAR(AC4)&"/"&MONTH(AC4)&"/"&DAY(AC4)&" (언팩-29D ~ 언팩"&_xlfn.DAYS(AC4,Z4)&"D)" -> Data 기준 : 2026/1/28 ~ 2026/1/29 (언팩-29D ~ 언팩-28D) | X4: 46050 | Y4: 46078 | Z4: 46079 | AA4: 46120 | AB4: 46050 | AC4: 46051
C6: □ 총 버즈량 67K, 전년 比 3.4배
C7: ① 공개된 티징 컨텐츠 기반, Privacy Display 소셜 內 관심 지속 확산 中 (14K, 20%) | V7: https://x.com/UniverseIce/status/2016322537777725746
C8: ② IG 크레에이터 發 N-1 제품 카메라 소구 활동 (28K, 42%) | V8: https://www.instagram.com/reel/DTVVCkGjF7j/c/18088663010034647
C9: ③ Enhypen 협업, 올림픽 연계한 카메라 소구 컨텐츠 중심 팬덤 관심 발생 (6K, 9%) | V9: https://x.com/Olympic/status/2016316039202517387
C10: ④ Tech 인플루언서, 언팩 기대 요소를 댓글로 작성하는 이벤트 진행 (4K, 6%) | V10: https://x.com/SaudiAndroid/status/2016546556028014909 | W10: https://x.com/osamahesam1/status/2016560914309263778
C12: □ 디스플레이 (44%) > 디자인 (9%) > AP/Memory (7%) 順 제품 관심 생성 중
C13: ① 디스플레이 (긍 56%, 부 2%) : Privacy Display 기능 中 부분 적용 가능 루머에 혁신적인 기능이라는 긍정 반응 多 | V13: https://x.com/sondesix/status/2016520584369471682 | W13: https://x.com/jethronyagti/status/2016577101206368706
C14: (※ 아직 초기이나 Use Scene은 SNS/일상 71%, 금융/개인정보 7%, 업무 보안 4% 順)
C15: ② 디자인 (긍 21%, 부 6%) : 총 6 종 발매 색상 예상 루머 확산 中 | V15: https://x.com/beebomco/status/2016535725328806170 | W15: https://x.com/kandhesh/status/2016527453418819962
C16: ③ AP/Memory (긍 19%, 부 12%) : SD8 Elite Gen 5 탑재 기대와 일부 모델 당사 Exynos 탑재 우려 혼재 | V16: https://www.reddit.com/r/PhoneNow/comments/1qpafa0/comment/o2btjvf/ | W16: https://www.reddit.com/r/samsunggalaxy/comments/1qop48c/comment/o23f1j2/
C18: □ 발화자 : 로컬 47% > 소비자 27% > 미디어 10% 順
C19: - 티징 컨텐츠를 테크 인플루언서가 공유하고, 이에 소비자들의 댓글로 확산 中
C20: - SESAR를 시작으로 로컬 테크 인플루언서 언팩 홍보 활동 게시 | V20: https://x.com/SaudiAndroid/status/2016546556028014909 | W20: https://x.com/osamahesam1/status/2016560914309263778
B24: [버즈량 현황] | X24: [HTR 제외 시]
B25: 구분 | E25: Total 버즈량 | L25: 구분 | X25: 구분 | Z25: Total 버즈량
F26: Family | I26: Buds4 +Pro | J26: AI 단독 언급 | M26: Family | S26: Buds4 +Pro | AA26: Family | AD26: Buds4 +Pro | AE26: AI 단독 언급
G27: Ultra | H27: Base/+ | O27: Ultra | Q27: Base/+ | AB27: Ultra | AC27: Base/+
M28: Pos | N28: Neg | O28: Pos | P28: Neg | Q28: Pos | R28: Neg | S28: Pos | T28: Neg
B29: 26.1H UNPK | E29: 66920 | F29: 24806 | G29: 13062 | H29: 11744 | I29: 827 | J29: 7937 | L29: 26.1H UNPK | M29: 0.28736014 | N29: 0.095059738 | O29: 0.41028675 | P29: 0.13509331 | Q29: 0.15375482 | R29: 0.051548432 | S29: 0.18403909 | T29: 0.091205212 | X29: 26.1H UNPK | Z29: =E29-SUMIFS(Total!T:T,Total!G:G,">=" & $AB$4,Total!G:G,"<=" & $AC$4) -> 66920 | AA29: =SUMIFS(Total!BQ:BQ,Total!G:G,">=" & $AB$4,Total!G:G,"<=" & $AC$4) -> 24806 | AB29: =SUMIFS(Total!BT:BT,Total!G:G,">=" & $AB$4,Total!G:G,"<=" & $AC$4) -> 13062 | AC29: =SUMIFS(Total!BW:BW,Total!G:G,">=" & $AB$4,Total!G:G,"<=" & $AC$4) -> 11744 | AD29: =SUMIFS(Total!BZ:BZ,Total!G:G,">=" & $AB$4,Total!G:G,"<=" & $AC$4) -> 827 | AE29: =J29-SUMIFS(#REF!,#REF!,">=" & $AB$4,#REF!,"<=" & $AC$4,#REF!,"AI",#REF!,"AI",#REF!,"Y") -> #REF!
B30: (전년 比) | E30: 3.3682303 | F30: 2.7840629 | G30: 3.1573604 | H30: 3.3602289 | I30: 0.33907339 | J30: 0.76760155 | L30: (전년 比) | M30: 0.12563075 | N30: 0.0037867199 | O30: 0.2491224 | P30: 0.052381204 | Q30: -0.017121848 | R30: -0.078466427 | S30: -0.0054126817 | T30: -0.051057106 | X30: (전년 比) | Z30: =Z29/Z31 -> 3.3682303 | AA30: =AA29/AA31 -> 2.7840629 | AB30: =AB29/AB31 -> 3.1573604 | AC30: =AC29/AC31 -> 3.3602289 | AD30: =AD29/AD31 -> 0.33907339 | AE30: =AE29/AE31 -> #REF!
B31: 25.1H UNPK | E31: 19868 | F31: 8910 | G31: 4137 | H31: 3495 | I31: 2439 | J31: 10340 | L31: 25.1H UNPK | M31: 0.16172938 | N31: 0.091273018 | O31: 0.16116436 | P31: 0.082712105 | Q31: 0.17087667 | R31: 0.13001486 | S31: 0.18945177 | T31: 0.14226232 | X31: 25.1H UNPK | Z31: =E31-SUMIFS(Total!S:S,Total!F:F,">=" & $AB$3,Total!F:F,"<=" & $AC$3) -> 19868 | AA31: =SUMIFS(Total!BP:BP,Total!F:F,">=" & $AB$3,Total!F:F,"<=" & $AC$3) -> 8910 | AB31: =SUMIFS(Total!BS:BS,Total!F:F,">=" & $AB$3,Total!F:F,"<=" & $AC$3) -> 4137 | AC31: =SUMIFS(Total!BV:BV,Total!F:F,">=" & $AB$3,Total!F:F,"<=" & $AC$3) -> 3495 | AD31: =SUMIFS(Total!BY:BY,Total!C:C,">=" & $AB$3-197,Total!C:C,"<=" & $AC$3-197) -> 2439 | AE31: =J31-SUMIFS(#REF!,#REF!,">=" & $AB$3,#REF!,"<=" & $AC$3,#REF!,"AI") -> #REF!
B32: ※ 제품 버즈 : Ultra 언급 버즈는 Ultra로 우선 반영, Base/+는 Ultra 언급 제외 후 집계 | L32: ※ Sentiment는 TV/News/Radio/Print 및 HTR 제외하고 추출
B33: ※ Buds4+Pro의 전작 기준은 Buds3+Pro, '24.2H 언팩 당시 공개 기준 ('25.1H 언팩 총 합계에 미 포함)
B34: ※ Brand 언급 버즈량 : 14K (#ExplorGalaxy)
B36: ="2. 발화자별 버즈 현황" -> 2. 발화자별 버즈 현황
C38: ① 수원 (6K)
C39: - 밀라노 올림픽 참석 Icon 인플루언서(Enhypen) 컨텐츠 팬 계정 내 확산 (6K) | V39: https://x.com/Olympic/status/2016316039202517387
C40: ② 로컬 (31K)
C41: - IG Creator 發 브랜드 커뮤니케이션(#ExploreGalaxy) 확산 中 (20K + 소비자 4K) | V41: https://www.instagram.com/p/DTVVCkGjF7j/
C42: - SESAR 테크 인플루언서 發 UNPK 해시태그 및 기대 제품 댓글 작성 소비자 참여 이벤트 버즈 발생 (2K) | V42: https://x.com/SaudiAndroid/status/2016546556028014909
C43: ③ 소비자 (18K)
C44: - Privacy Display 기능 PR 공개로 혁신성에 대한 긍정 버즈 확산 中 (10K) | V44: https://x.com/UniverseIce/status/2016342843644883276
V45: https://x.com/UniverseIce/status/2016342843644883276
B47: 발화자 | E47: 버즈량 | H47: 비중
F48: 전년 比 | G48: 전작 평균 | I48: 전년 比 | J48: 전작 평균
B49: Total | E49: 66920 | F49: 3.3682303 | G49: 35507 | H49: - | I49: - | J49: -
C50: 수원 | E50: 6464 | F50: 28.857143 | G50: 1518.75 | H50: 0.096592947 | I50: 0.085318536 | J50: 0.042772955
D51: HTR | E51: 0 | F51: - | H51: 0 | I51: 0
D52: Icon 인플루언서 | E52: 6175 | F52: 112.27273 | H52: 0.95529084 | I52: 0.70975513
D53: Contents | E53: 289 | F53: 1.7100592 | H53: 0.044709158 | I53: -0.70975513
C54: 로컬 | E54: 31404 | F54: 3.0213585 | G54: 7129 | H54: 0.46927675 | I54: -0.05387606 | J54: 0.2007759
D55: 로컬 인플루언서 | E55: 30048 | F55: 3.81078 | H55: 0.95682079 | I55: 0.19821005
D56: Partners | E56: 62 | F56: 0.23220974 | H56: 0.0019742708 | I56: -0.023713626
D57: 법인 활동 | E57: 1294 | F57: 0.57716325 | H57: 0.041204942 | I57: -0.17449642
C58: 미디어 | E58: 6968 | F58: 2.9651064 | G58: 5746.75 | H58: 0.10412433 | I58: -0.014156325 | J58: 0.16184723
C59: 커뮤니티 | E59: 4031 | F59: 1.4396429 | G59: 6073.75 | H59: 0.060236103 | I59: -0.080694036 | J59: 0.17105662
C60: 소비자 | E60: 18053 | F60: 4.4031707 | G60: 15039 | H60: 0.26976987 | I60: 0.063407885 | J60: 0.4235473
B61: ※ HTR, Icon 인플루언서, Contents 비중/로컬 인플루언서, Partners, 법인 활동 비중은 각각 수원/로컬 內 집계
B62: ※ 전작 평균 : S24, FF6, S25, FF7 해당구간 평균
B63: ※ 로컬 인플루언서 : 로컬 Icon 인플루언서, 로컬 Tech 인플루언서, 로컬 Lifestyle 인플루언서의 합
B64: ※ Partners : 로컬 PP, 로컬 Retailer, 로컬 Telco의 합
B65: ※ 법인 활동 : 로컬 HTR, 로컬 Contents의 합
B67: 3. 주요 Miracle CXP (26.1H UNPK Base) | X67: https://space.sprinklr.com/research/insights/listening/dashboard/696592937cb16f4b0d0146d3/tab/2
B68: - Privacy Display를 활용한 공공장소에서의 SNS 및 금융/개인정보 사용에 제약이 없는 점 호평, 부분 적용 기능 긍정 지속 | X68: □ 주요 Miracle CXP / User Scene 분석 - Privacy Display □ 주요 Miracle CXP / Camera Feature □ 주요 Miracle CXP / AI Feature
B70: 주요 CXP | F70: 버즈량 | G70: 비중 | H70: Sentiment | J70: 내용
H71: Pos | I71: Neg
B72: Total | F72: 24806 | G72: - | H72: 0.28736014 | I72: 0.095059738 | X72: Privacy Display | Y72: 12721 | Z72: 1 | AA72: 0.31 | AB72: 0.07
C73: Display | F73: 15225 | G73: 0.43778934 | H73: 0.31337129 | I73: 0.07013548 | X73: SNS/일상 | Y73: 9032 | Z73: 0.71 | AA73: 0.27 | AB73: 0.07
C74: Privacy Display | F74: 12721 | G74: 0.83553366 | H74: 0.31 | I74: 0.07 | J74: Privacy Display 부분 적용 기능 긍정 지속 | V74: https://x.com/bbogi2207/status/2016764482853454029 | X74: 금융/개인정보 | Y74: 868 | Z74: 0.07 | AA74: 0.56 | AB74: 0.01
D75: SNS/일상 | F75: 9032 | G75: 0.71000707 | H75: 0.27 | I75: 0.07 | J75: 공공장소 내 자유롭게 SNS 활용 가능 | V75: https://x.com/spaceturtleship/status/2016466714012066233 | W75: https://x.com/yoyoyoyo955384/status/2016528802390962377 | X75: 업무 보안 | Y75: 450 | Z75: 0.04 | AA75: 0.33 | AB75: 0.04
D76: 금융/개인정보 | F76: 868 | G76: 0.068233629 | H76: 0.56 | I76: 0.01 | J76: 공공장소에서 금융 알림 및 계좌 내역 보호 가능 | V76: https://www.reddit.com/r/samsunggalaxy/comments/1qp8ki5/comment/o285o1a/?utm_source=share&utm_medium=web3x&utm_name=web3xcss&utm_term=1&utm_content=share_button | W76: https://x.com/melchisson/status/2016453683534311494 | X76: 건강기록 관리 | Y76: 62 | Z76: 0 | AA76: 0.26 | AB76: 0.02
D77: 업무 보안 | F77: 450 | G77: 0.035374577 | H77: 0.33 | I77: 0.04 | J77: 장소 상관 없이 업무 관련 내용 확인 가능 | V77: https://x.com/ovo_riri/status/2016500239998623997
C78: Camera | F78: 1934 | G78: 0.055611467 | H78: 0.33002292 | I78: 0.13139801
C79: Zoom | F79: 481 | G79: 0.24870734 | H79: 0.55 | I79: 0.05 | J79: Zoom 기능을 활용한 야외 촬영 결과물 향상 기대감 | V79: https://www.reddit.com/r/S25Ultra/comments/1qowe93/i_love_the_cameras/ | X79: Zoom | Y79: 481 | Z79: 0.13 | AA79: 0.55 | AB79: 0.05
C80: Nightography Video | F80: 44 | G80: 0.022750776 | H80: 0.55 | I80: 0 | X80: Nightography Video | Y80: 44 | Z80: 0.01 | AA80: 0.55 | AB80: 0
C81: Super Steady | F81: 10 | G81: 0.0051706308 | H81: 0.3 | I81: 0 | X81: Super Steady | Y81: 10 | Z81: 0 | AA81: 0.3 | AB81: 0
C82: AI | F82: 1370 | G82: 0.039393852 | H82: 0.29854369 | I82: 0.047330097
C83: Photo Assist | F83: 638 | G83: 0.46569343 | H83: 0.36 | I83: 0.04 | J83: Gen Edit 활용 사진 편집 긍정 | V83: https://gall.dcinside.com/mgallery/board/view/?id=wrtnai&no=909080# | X83: Photo Assist | Y83: 638 | Z83: 0.08 | AA83: 0.36 | AB83: 0.04
C84: Creative Studio | F84: 159 | G84: 0.11605839 | H84: 0.38 | I84: 0.01 | X84: Circle to Search | Y84: 159 | Z84: 0.02 | AA84: 0.38 | AB84: 0.01
C85: Circle to Search | F85: 35 | G85: 0.025547445 | H85: 0.29 | I85: 0.03 | X85: Creative Studio | Y85: 35 | Z85: 0 | AA85: 0.29 | AB85: 0.03
B88: 4. 제품별 Feature 버즈량* (제품 Sentiment는 Sprinklr, Feature Sentiment는 AI 기반)
B89: 4-1. Miracle Family Feature 별 버즈량
B90: - Privacy Display PR 공개로 Display 버즈 전년 比 14.4배 증가, 또한 Privacy Display 화면 內 특정 영역만 적용 가능 루머 주효하여 긍정 반응 多
B92: Feature | E92: 버즈량 | H92: 비중 | K92: Senti. | X92: Feature only Sum Senti.
F93: 전년 比 | G93: 전년 | I93: 전년 比 | J93: 전년 | K93: Pos | L93: Neg
B94: Total | E94: 24806 | F94: 2.7840629 | G94: 8910 | H94: - | I94: - | J94: - | K94: 0.28736014 | L94: 0.095059738 | X94: 0.50022404 | Y94: 0.044156585
B95: 1 | C95: Display | E95: 15225 | F95: 14.417614 | G95: 1056 | H95: 0.43778934 | I95: 0.37016639 | J95: 0.067622951 | K95: 0.5638498 | L95: 0.018586801 | M95: Privacy Display 기능 앱, 컨텐츠 별 설정 가능 루머 | V95: https://x.com/sondesix/status/2016520584369471682 | W95: https://x.com/jethronyagti/status/2016577101206368706
B96: 1-1 | C96: Display | D96: Privacy Display | E96: 11695 | F96: - | G96: 0 | H96: 0.7681445 | I96: 0.7681445 | J96: 0 | K96: 0.80078895 | L96: 0.016217401
B97: 1-2 | C97: Display | D97: Resolution | E97: 171 | F97: 0.36382979 | G97: 470 | H97: 0.011231527 | I97: -0.43384423 | J97: 0.44507576 | K97: 0.25490196 | L97: 0.019607843
B98: 1-3 | C98: Display | D98: Screen Size | E98: 131 | F98: 2.3392857 | G98: 56 | H98: 0.0086042693 | I98: -0.044426034 | J98: 0.053030303 | K98: 0.073170732 | L98: 0.048780488
B99: 1-4 | C99: Display | D99: Brightness | E99: 83 | F99: 1.66 | G99: 50 | H99: 0.0054515599 | I99: -0.041896925 | J99: 0.047348485 | K99: 0.14634146 | L99: 0.26829268
B100: 1-5 | C100: Display | D100: Refresh Rate | E100: 27 | F100: 0.099630996 | G100: 271 | H100: 0.001773399 | I100: -0.25485539 | J100: 0.25662879 | K100: 0.125 | L100: 0
B101: 2 | C101: Design | E101: 3278 | F101: 0.91232953 | G101: 3593 | H101: 0.094257699 | I101: -0.13582683 | J101: 0.23008453 | K101: 0.21428571 | L101: 0.06002401 | M101: Ultra 6가지 색상 구성 루머 확산 | V101: https://x.com/beebomco/status/2016535725328806170 | W101: https://x.com/kandhesh/status/2016527453418819962
B102: 2-1 | C102: Design | D102: Weight | E102: 565 | F102: 1.4524422 | G102: 389 | H102: 0.1723612 | I102: 0.064095123 | J102: 0.10826607 | K102: 0.083056478 | L102: 0.013289037
B103: 2-2 | C103: Design | D103: Size | E103: 556 | F103: 0.20299379 | G103: 2739 | H103: 0.16961562 | I103: -0.59269999 | J103: 0.76231561 | K103: 0.099041534 | L103: 0.083067093
B104: 2-3 | C104: Design | D104: Color | E104: 316 | F104: 0.50238474 | G104: 629 | H104: 0.096400244 | I104: -0.078662378 | J104: 0.17506262 | K104: 0.12359551 | L104: 0.02247191
B105: 2-4 | C105: Design | D105: Material | E105: 244 | F105: 0.81333333 | G105: 300 | H105: 0.074435631 | I105: -0.0090600546 | J105: 0.083495686 | K105: 0.054187192 | L105: 0.064039409
B106: 2-5 | C106: Design | D106: Form Factor | E106: 7 | F106: - | G106: 0 | H106: 0.0021354484 | I106: 0.0021354484 | J106: 0 | K106: 0.33333333 | L106: 0
B107: 3 | C107: AP/Memory | E107: 2558 | F107: 1.0969125 | G107: 2332 | H107: 0.073554361 | I107: -0.075779656 | J107: 0.14933402 | K107: 0.19114219 | L107: 0.11538462 | M107: SD8 Elite Gen 5 탑재 기대 | V107: https://www.reddit.com/r/PhoneNow/comments/1qpafa0/comment/o2btjvf/ | W107: https://www.reddit.com/r/samsunggalaxy/comments/1qop48c/comment/o23f1j2/
B108: 3-1 | C108: AP/Memory | D108: AP Performance | E108: 617 | F108: 0.43511989 | G108: 1418 | H108: 0.24120407 | I108: -0.36685768 | J108: 0.60806175 | K108: 0.26315789 | L108: 0.099071207
B109: 3-2 | C109: AP/Memory | D109: RAM | E109: 384 | F109: 0.60282575 | G109: 637 | H109: 0.15011728 | I109: -0.12303881 | J109: 0.27315609 | K109: 0.1589404 | L109: 0.12582781
B110: 3-3 | C110: AP/Memory | D110: Cooling system | E110: 18 | F110: 0.4 | G110: 45 | H110: 0.0070367475 | I110: -0.012259994 | J110: 0.019296741 | K110: 0.2 | L110: 0.1
B111: 3-4 | C111: AP/Memory | E111: 0 | F111: - | G111: 0 | H111: 0 | I111: 0 | J111: 0 | K111: 0 | L111: 0
B112: 3-5 | C112: AP/Memory | E112: 0 | F112: - | G112: 0 | H112: 0 | I112: 0 | J112: 0 | K112: 0 | L112: 0
B113: 4 | C113: Security | E113: 2543 | F113: 10.254032 | G113: 248 | H113: 0.073123041 | I113: 0.057241894 | J113: 0.015881148 | K113: 0.84974471 | L113: 0.0058351568 | M113: Privacy Display로 인한 개인정보 보호 기대감 동반 상승 | V113: https://x.com/TheTechOutlook/status/2016379040160944173 | W113: https://x.com/JoeyRiz/status/2016623295882314174
B114: 4-1 | C114: Security | D114: Protection | E114: 861 | F114: 10.373494 | G114: 83 | H114: 0.33857648 | I114: 0.0038990651 | J114: 0.33467742 | K114: 0.62121212 | L114: 0.060606061
B115: 4-2 | C115: Security | D115: Knox | E115: 23 | F115: - | G115: 0 | H115: 0.0090444357 | I115: 0.0090444357 | J115: 0 | K115: 0.7 | L115: 0.2
...

Sheet 260128
B2: [26.1H 언팩 소셜 버즈 현황] | X2: -29D | Y2: -1D | Z2: D-day | AA2: +42D | AB2: Start Date | AC2: End Date
X3: 45651 | Y3: 45679 | Z3: 45680 | AA3: 45721 | AB3: =AB4-399 -> 45651 | AC3: =AC4-399 -> 45651
B4: 1. 소셜 버즈 현황 | P4: Data 기준 : 2026/1/28 ~ 2026/1/28 (언팩-29D ~ 언팩-29D) | X4: 46050 | Y4: 46078 | Z4: 46079 | AA4: 46120 | AB4: 46050 | AC4: 46050
C5: □ 총 버즈량 35K, 전년比 3.8배 ① 공개된 티징 컨텐츠 기반, Privacy Display 소셜 內 관심 생성 중 (8K, 22%) ② IG 크레에이터 發 N-1 제품 카메라 소구 활동(14K, 40%) ③ Enhypen 협업, 올림픽 연계한 카메라 소구 컨텐츠 중심 팬덤 관심 발생 (5K, 15%) □ 디스플레이 (45%) > 디자인 (7%) > 배터리 (4%) 順 제품 관심 생성 중 ① 디스플레이 (긍 73%, 부 1%) : Privacy Display 기능 中 Noti만 가려지는 기능에 대한 관심 高 (※ 아직 초기이나 Use Scene은 SNS 73%, 업무 보안 2%, 금융 정보 1% 順) ② 디자인 (긍 20%, 부 5%) : 얇고 가벼워진 디자인 기대 ③ 배터리 (긍 9%, 부 10%) : 충전 속도 향상 기대 (Ultra 유선 45W → 60W) 및 용량 동일 우려 혼재 □ 발화자 : 로컬 42%, 소비자 29%, 수원 15% 順 - 티징 컨텐츠를 테크 인플루언서가 공유하고, 이에 소비자들의 댓글로 확산 中 | V5: https://x.com/Olympic/status/2016316039202517387 | W5: https://x.com/UniverseIce/status/2016322537777725746 | X5: https://www.instagram.com/reel/DTVVCkGjF7j/c/18088663010034647
B7: [버즈량 현황] | X7: [HTR 제외 시]
B8: 구분 | E8: Total 버즈량 | L8: 구분 | X8: 구분 | Z8: Total 버즈량
F9: Family | I9: Buds4 +Pro | J9: AI 단독 언급 | M9: Family | S9: Buds4 +Pro | AA9: Family | AD9: Buds4 +Pro | AE9: AI 단독 언급
G10: Ultra | H10: Base/+ | O10: Ultra | Q10: Base/+ | AB10: Ultra | AC10: Base/+
M11: Pos | N11: Neg | O11: Pos | P11: Neg | Q11: Pos | R11: Neg | S11: Pos | T11: Neg
B12: 26.1H UNPK | E12: 35204 | F12: 12123 | G12: 6004 | H12: 6119 | I12: 188 | J12: 4053 | L12: 26.1H UNPK | M12: 0.28894732 | N12: 0.095971453 | O12: 0.46014068 | P12: 0.14028918 | Q12: 0.13053697 | R12: 0.054962936 | S12: 0.26126126 | T12: 0.10810811 | X12: 26.1H UNPK | Z12: =E12-SUMIFS(Total!T:T,Total!G:G,">=" & $AB$4,Total!G:G,"<=" & $AC$4) -> 35204 | AA12: =SUMIFS(Total!BQ:BQ,Total!G:G,">=" & $AB$4,Total!G:G,"<=" & $AC$4) -> 12123 | AB12: =SUMIFS(Total!BT:BT,Total!G:G,">=" & $AB$4,Total!G:G,"<=" & $AC$4) -> 6004 | AC12: =SUMIFS(Total!BW:BW,Total!G:G,">=" & $AB$4,Total!G:G,"<=" & $AC$4) -> 6119 | AD12: =SUMIFS(Total!BZ:BZ,Total!G:G,">=" & $AB$4,Total!G:G,"<=" & $AC$4) -> 188 | AE12: =J12-SUMIFS(#REF!,#REF!,">=" & $AB$4,#REF!,"<=" & $AC$4,#REF!,"AI",#REF!,"AI",#REF!,"Y") -> #REF!
B13: (전년 比) | E13: 3.7821229 | F13: 3.1927838 | G13: 3.4585253 | H13: 3.8949714 | I13: 0.11230585 | J13: 1.0596078 | L13: (전년 比) | M13: 0.1233241 | N13: 0.017997634 | O13: 0.31882567 | P13: 0.10005365 | Q13: -0.085031889 | R13: -0.10870972 | S13: 0.0052371649 | T13: -0.018397916 | X13: (전년 比) | Z13: =Z12/Z14 -> 3.7821229 | AA13: =AA12/AA14 -> 3.1927838 | AB13: =AB12/AB14 -> 3.4585253 | AC13: =AC12/AC14 -> 3.8949714 | AD13: =AD12/AD14 -> 0.11230585 | AE13: =AE12/AE14 -> #REF!
B14: 25.1H UNPK | E14: 9308 | F14: 3797 | G14: 1736 | H14: 1571 | I14: 1674 | J14: 3825 | L14: 25.1H UNPK | M14: 0.16562322 | N14: 0.077973819 | O14: 0.14131501 | P14: 0.040235525 | Q14: 0.21556886 | R14: 0.16367265 | S14: 0.2560241 | T14: 0.12650602 | X14: 25.1H UNPK | Z14: =E14-SUMIFS(Total!S:S,Total!F:F,">=" & $AB$3,Total!F:F,"<=" & $AC$3) -> 9308 | AA14: =SUMIFS(Total!BP:BP,Total!F:F,">=" & $AB$3,Total!F:F,"<=" & $AC$3) -> 3797 | AB14: =SUMIFS(Total!BS:BS,Total!F:F,">=" & $AB$3,Total!F:F,"<=" & $AC$3) -> 1736 | AC14: =SUMIFS(Total!BV:BV,Total!F:F,">=" & $AB$3,Total!F:F,"<=" & $AC$3) -> 1571 | AD14: =SUMIFS(Total!BY:BY,Total!C:C,">=" & $AB$3-197,Total!C:C,"<=" & $AC$3-197) -> 1674 | AE14: =J14-SUMIFS(#REF!,#REF!,">=" & $AB$3,#REF!,"<=" & $AC$3,#REF!,"AI") -> #REF!
B15: ※ 제품 버즈 : Ultra 언급 버즈는 Ultra로 우선 반영, Base/+는 Ultra 언급 제외 후 집계 | L15: ※ Sentiment는 TV/News/Radio/Print 및 HTR 제외하고 추출
B16: ※ Buds4+Pro의 전작 기준은 Buds3+Pro, '24.2H 언팩 당시 공개 기준 ('25.1H 언팩 총 합계에 미 포함)
B17: ※ Brand 언급 버즈량 : 14K (#ExplorGalaxy)
B19: 2. 발화자별 버즈 현황
B20: ① 수원 (5K) - 밀라노 올림픽 및 Icon 인플루언서(Enhypen) 협업 Camera Selfie 소구 컨텐츠 (5K) ② 로컬 (15K) - IG Creator 發 브랜드 커뮤니케이션(#ExploreGalaxy) 확산 中 (13K + 소비자 1K) ③ 소비자 (10K) - Privacy Display 기능 PR 공개로 혁신성에 대한 긍정 버즈 확산 中 (8K) | V20: https://x.com/Olympic/status/2016316039202517387 | W20: https://www.instagram.com/p/DTVVCkGjF7j/ | X20: https://x.com/UniverseIce/status/2016342843644883276
B22: 발화자 | E22: 버즈량 | H22: 비중
F23: 전년 比 | G23: 전작 평균 | I23: 전년 比 | J23: 전작 평균
B24: Total | E24: 35204 | F24: 3.7821229 | G24: 17913 | H24: - | I24: - | J24: -
C25: 수원 | E25: 5334 | F25: 58.615385 | G25: 285 | H25: 0.15151687 | I25: 0.14174034 | J25: 0.015910677
D26: HTR | E26: 0 | F26: - | H26: 0 | I26: 0
D27: Icon 인플루언서 | E27: 5141 | F27: 233.68182 | H27: 0.96381702 | I27: 0.72205878
D28: Contents | E28: 193 | F28: 2.7971014 | H28: 0.036182977 | I28: -0.72205878
C29: 로컬 | E29: 14663 | F29: 2.5474288 | G29: 2676.75 | H29: 0.41651517 | I29: -0.20187761 | J29: 0.14943475
D30: 로컬 인플루언서 | E30: 13820 | F30: 3.0440529 | H30: 0.94250835 | I30: 0.15376617
D31: Partners | E31: 28 | F31: 0.30107527 | H31: 0.0019095683 | I31: -0.014247485
D32: 법인 활동 | E32: 815 | F32: 0.72573464 | H32: 0.055582077 | I32: -0.13951869
C33: 미디어 | E33: 3322 | F33: 4.3311604 | G33: 2305.75 | H33: 0.094364277 | I33: 0.011962042 | J33: 0.12872296
C34: 커뮤니티 | E34: 1565 | F34: 1.4612512 | G34: 2536.25 | H34: 0.044455176 | I34: -0.070607136 | J34: 0.14159107
C35: 소비자 | E35: 10320 | F35: 6.3585952 | G35: 10108.75 | H35: 0.29314851 | I35: 0.11878237 | J35: 0.56434054
B36: ※ HTR, Icon 인플루언서, Contents 비중/로컬 인플루언서, Partners, 법인 활동 비중은 각각 수원/로컬 內 집계
B37: ※ 전작 평균 : S24, FF6, S25, FF7 해당구간 평균
B38: ※ 로컬 인플루언서 : 로컬 Icon 인플루언서, 로컬 Tech 인플루언서, 로컬 Lifestyle 인플루언서의 합
B39: ※ Partners : 로컬 PP, 로컬 Retailer, 로컬 Telco의 합
B40: ※ 법인 활동 : 로컬 HTR, 로컬 Contents의 합
B42: 3. 주요 Miracle CXP (26.1H UNPK Base) | X42: https://space.sprinklr.com/research/insights/listening/dashboard/696592937cb16f4b0d0146d3/tab/2
B43: - Privacy Display를 활용한 공공장소에서의 SNS 및 금융/개인정보 사용에 제약이 없는 점 호평 | X43: □ 주요 Miracle CXP / User Scene 분석 - Privacy Display □ 주요 Miracle CXP / Camera Feature □ 주요 Miracle CXP / AI Feature
B45: 주요 CXP | F45: 버즈량 | G45: 비중 | H45: Sentiment | J45: 내용
H46: Pos | I46: Neg
B47: Total | F47: 12123 | G47: - | H47: 0.28894732 | I47: 0.095971453 | X47: Privacy Display | Y47: 7724 | Z47: 1 | AA47: 0.29 | AB47: 0.06
C48: Display | F48: 8969 | G48: 0.44508957 | H48: 0.29433498 | I48: 0.060215193 | X48: SNS 활용 | Y48: 5629 | Z48: 0.73 | AA48: 0.25 | AB48: 0.06
C49: Privacy Display | F49: 7724 | G49: 0.86118854 | H49: 0.29 | I49: 0.06 | J49: 숨기고 싶은 화면을 영역까지 지정해 적용할 수 있는 Privacy Display 긍정 | V49: https://x.com/UniverseIce/status/2016342843644883276 | X49: 개인정보 조회 | Y49: 473 | Z49: 0.06 | AA49: 0.53 | AB49: 0.01
D50: SNS 활용 | F50: 5629 | G50: 0.72876748 | H50: 0.25 | I50: 0.06 | J50: 공공장소 내 자유롭게 SNS 활용 가능 | V50: https://x.com/ascendant32/status/2016404332959424714 | X50: 개인 콘텐츠 조회 | Y50: 173 | Z50: 0.02 | AA50: 0.38 | AB50: 0.02
D51: 개인정보 조회 | F51: 473 | G51: 0.061237701 | H51: 0.53 | I51: 0.01 | J51: 메시지 알람 및 비밀번호 유출 방지 | V51: https://x.com/roettsk/status/2016378137781895621 | X51: 업무 보안 | Y51: 165 | Z51: 0.02 | AA51: 0.28 | AB51: 0.04
D52: 개인 콘텐츠 조회 | F52: 173 | G52: 0.022397721 | H52: 0.38 | I52: 0.02 | J52: 야외에서 편하게 갤러리 내 사진·영상 감상 가능 | V52: https://x.com/H_H_H_H_H_H_H_7/status/2016387048329117923 | X52: 금융 정보 보호 | Y52: 115 | Z52: 0.01 | AA52: 0.3 | AB52: 0.03
D53: 업무 보안 | F53: 165 | G53: 0.021361989 | H53: 0.28 | I53: 0.04 | J53: 장소 상관 없이 업무 관련 내용 확인 가능 | V53: https://meeco.kr/mini/41150813 | X53: 건강기록 관리 | Y53: 47 | Z53: 0.01 | AA53: 0.21 | AB53: 0
D54: 금융 정보 보호 | F54: 115 | G54: 0.014888659 | H54: 0.3 | I54: 0.03 | J54: 어디서나 금융 서비스 및 민감 정보 활용 가능 | V54: https://x.com/evanverse7/status/2016477726774054996
C55: Camera | F55: 835 | G55: 0.04143715 | H55: 0.30805687 | I55: 0.10742496
C56: Zoom | F56: 244 | G56: 0.29221557 | H56: 0.6 | I56: 0.04 | J56: Zoom 기능을 활용한 야외 촬영 결과물 향상 기대감 | V56: https://www.reddit.com/r/S25Ultra/comments/1qowe93/i_love_the_cameras/ | X56: Zoom | Y56: 244 | Z56: 0.15 | AA56: 0.6 | AB56: 0.04
C57: Nightography Video | F57: 23 | G57: 0.02754491 | H57: 0.7 | I57: 0 | X57: Nightography Video | Y57: 23 | Z57: 0.01 | AA57: 0.7 | AB57: 0
C58: Super Steady | F58: 3 | G58: 0.0035928144 | H58: 0.67 | I58: 0 | X58: Super Steady | Y58: 3 | Z58: 0 | AA58: 0.67 | AB58: 0
C59: AI | F59: 346 | G59: 0.017170364 | H59: 0.49019608 | I59: 0.073529412
C60: Photo Assist | F60: 266 | G60: 0.76878613 | H60: 0.32 | I60: 0.06 | J60: Gen Edit 활용 사진 편집 긍정 | V60: https://gall.dcinside.com/mgallery/board/view/?id=wrtnai&no=909080# | X60: Photo Assist | Y60: 266 | Z60: 0.07 | AA60: 0.32 | AB60: 0.06
C61: Creative Studio | F61: 90 | G61: 0.26011561 | H61: 0.34 | I61: 0.01 | X61: Circle to Search | Y61: 90 | Z61: 0.02 | AA61: 0.34 | AB61: 0.01
C62: Circle to Search | F62: 24 | G62: 0.069364162 | H62: 0.25 | I62: 0.04 | X62: Creative Studio | Y62: 24 | Z62: 0.01 | AA62: 0.25 | AB62: 0.04
B65: 4. 제품별 Feature 버즈량* (제품 Sentiment는 Sprinklr, Feature Sentiment는 AI 기반)
B66: 4-0. Miracle Family Feature 별 버즈량
B67: - Privacy Display PR 공개로 Display 버즈 전년 比 34배 증가, 또한 화면 內 특정 영역만 적용 가능 루머 긍정 반응 多
B69: Feature | E69: 버즈량 | H69: 비중 | K69: Senti. | X69: Feature only Sum Senti.
F70: 전년 比 | G70: 전년 | I70: 전년 比 | J70: 전년 | K70: Pos | L70: Neg
B71: Total | E71: 6004 | F71: 3.4585253 | G71: 1736 | H71: - | I71: - | J71: - | K71: 0.46014068 | L71: 0.14028918 | X71: =SUM(#REF!)/SUM(#REF!) -> #REF! | Y71: =SUM(#REF!)/SUM(#REF!) -> #REF!
B72: 1 | C72: Display | E72: 9875 | F72: 33.703072 | G72: 293 | H72: 0.45463192 | I72: 0.42136362 | J72: 0.067268299 | K72: 0.66966292 | L72: 0.019582665 | M72: 신규 도입되는 Privacy Display PR 공개로 기대감 형성 中 | V72: https://x.com/TheGalox_/status/2016292936950968558 | W72: https://x.com/SuperSaf/status/2014605789223153873
B73: 1-1 | C73: Display | D73: Privacy Display | E73: 7128 | F73: - | G73: 0 | H73: 0.41122023 | I73: 0.43122023 | J73: 0 | K73: 0.71727019 | L73: 0.019498607
B74: 1-2 | C74: Display | D74: Resolution | E74: 120 | F74: 0.8 | G74: 150 | H74: 0.0079979023 | I74: -0.50620493 | J74: 0.51420283 | K74: 0.11214953 | L74: 0.018691589
B75: 1-3 | C75: Display | D75: Screen Size | E75: 88 | F75: 7.3333333 | G75: 12 | H75: 0.0059742023 | I75: -0.019342253 | J75: 0.025316456 | K75: 0.011363636 | L75: 0.011363636
B76: 1-4 | C76: Display | D76: Brightness | E76: 42 | F76: 2.3333333 | G76: 18 | H76: 0.0027521657 | I76: -0.035222518 | J76: 0.037974684 | K76: 0.27272727 | L76: 0.060606061
B77: 1-5 | C77: Display | D77: Refresh Rate | E77: 8 | F77: 0.096385542 | G77: 83 | H77: 0.0005431093 | I77: -0.17456238 | J77: 0.17510549 | K77: 0 | L77: 0
B78: 2 | C78: Design | E78: 2122 | F78: 1.8946429 | G78: 1120 | H78: 0.070733063 | I78: -0.22399367 | J78: 0.29472674 | K78: 0.21393841 | L78: 0.042139384 | M78: 전작 比 얇아진 두께와 가벼워진 무게 긍정 반응 | V78: https://x.com/sondesix/status/2016205704735166854 | W78: https://www.reddit.com/r/samsunggalaxy/comments/1qojydw/comment/o22oiqn/
B79: 2-1 | C79: Design | D79: Weight | E79: 264 | F79: 2.2372881 | G79: 118 | H79: 0.10052041 | I79: -0.013517021 | J79: 0.11403743 | K79: 0.093617021 | L79: 0
B80: 2-2 | C80: Design | D80: Color | E80: 227 | F80: 1.3674699 | G80: 166 | H80: 0.098119507 | I80: -0.044393862 | J80: 0.14251337 | K80: 0.47826087 | L80: 0.054347826
B81: 2-3 | C81: Design | D81: Size | E81: 237 | F81: 0.32962448 | G81: 719 | H81: 0.1173291 | I81: -0.53567892 | J81: 0.65300802 | K81: 0.084848485 | L81: 0.078787879
B82: 2-4 | C82: Design | D82: Material | E82: 39 | F82: 0.33333333 | G82: 117 | H82: 0.016618123 | I82: -0.073823053 | J82: 0.090441176 | K82: 0.25 | L82: 0.09375
B83: 2-5 | C83: Design | D83: Form Factor | E83: 4 | F83: - | G83: 0 | H83: 0.003113766 | I83: 0.003113766 | J83: 0 | K83: 0 | L83: 0
B84: 3 | C84: Battery | E84: 1293 | F84: 3.9300912 | G84: 329 | H84: 0.041240858 | I84: -0.039303801 | J84: 0.080544659 | K84: 0.12068966 | L84: 0.08908046 | M84: 60W 초고속 충전 기능 추가 루머 | V84: https://x.com/TheGalox_/status/2016147882336796802 | W84: https://x.com/Phonenurd/status/2014286770977063366
B85: 3-1 | C85: Battery | D85: Charging | E85: 238 | F85: 2.3564356 | G85: 101 | H85: 0.17653746 | I85: -0.15146509 | J85: 0.32800255 | K85: 0.077844311 | L85: 0.047904192
B86: 3-2 | C86: Battery | D86: Life Time | E86: 158 | F86: 0.9132948 | G86: 173 | H86: 0.10848729 | I86: -0.39486153 | J86: 0.50334882 | K86: 0.068181818 | L86: 0.17424242
B87: 3-3 | C87: Battery | D87: Charger | E87: 139 | F87: 2.5272727 | G87: 55 | H87: 0.12310529 | I87: -0.045543337 | J87: 0.16864862 | K87: 0.40816327 | L87: 0
B88: 3-4 | C88: Battery | E88: 0 | F88: - | G88: 0 | H88: 0 | I88: 0 | J88: 0
B89: 3-5 | C89: Battery | E89: 0 | F89: - | G89: 0 | H89: 0 | I89: 0 | J89: 0
B90: 4 | C90: AP/Memory | E90: 1272 | F90: 1.631929 | G90: 902 | H90: 0.041120993 | I90: -0.18020042 | J90: 0.22532141 | K90: 0.11764706 | L90: 0.058823529 | M90: 16GB RAM 탑재 및 SD8 Elite Gen 5 성능 개선 기대 | V90: https://x.com/neo_officialll/status/2013701490959954402 | W90: https://www.reddit.com/r/verizon/comments/1qnnuwi/comment/o21zyx2/
B91: 4-1 | C91: AP/Memory | D91: AP Performance | E91: 287 | F91: 0.51711712 | G91: 555 | H91: 0.19305543 | I91: -0.44977802 | J91: 0.64283345 | K91: 0.14673913 | L91: 0.032608696
B92: 4-2 | C92: AP/Memory | D92: RAM | E92: 232 | F92: 0.6966967 | G92: 333 | H92: 0.15851007 | I92: -0.17770018 | J92: 0.33621025 | K92: 0.058823529 | L92: 0.10784314
B93: 4-3 | C93: AP/Memory | D93: Cooling system | E93: 8 | F93: 0.57142857 | G93: 14 | H93: 0.0054944242 | I93: -0.015461879 | J93: 0.020956303 | K93: 0.33333333 | L93: 0
B94: 4-4 | C94: AP/Memory | E94: 0 | F94: - | G94: 0 | H94: 0 | I94: 0 | J94: 0
B95: 4-5 | C95: AP/Memory | E95: 0 | F95: - | G95: 0 | H95: 0 | I95: 0 | J95: 0
B96: 5 | C96: Camera | E96: 1089 | F96: 2.7293233 | G96: 399 | H96: 0.035162315 | I96: -0.060059187 | J96: 0.095221502 | K96: 0.20603015 | L96: 0.055276382 | M96: 24MP Mode + F1.4 메인 카메라 | V96: https://x.com/thesammyfans/status/2016174332624699483 | W96: https://www.sammyfans.com/2026/01/27/galaxy-s26-ultra-will-end-the-s25-ultra-camera-flaw/
B97: 5-1 | C97: Camera | D97: Lens | E97: 150 | F97: 0.55555556 | G97: 270 | H97: 0.11818397 | I97: -0.56430298 | J97: 0.68248695 | K97: 0.1627907 | L97: 0.023255814
B98: 5-2 | C98: Camera | D98: Zoom | E98: 34 | F98: 0.48571429 | G98: 70 | H98: 0.032764206 | I98: -0.11448307 | J98: 0.14724727 | K98: 0.25 | L98: 0.25
B99: 5-3 | C99: Camera | D99: Nightography | E99: 17 | F99: - | G99: 0 | H99: 0.011854951 | I99: 0.011854951 | J99: 0 | K99: 0.29411765 | L99: 0.058823529
B100: 5-4 | C100: Camera | D100: Edit | E100: 13 | F100: 13 | G100: 1 | H100: 0.011652495 | I100: 0.0065504539 | J100: 0.0051020408 | K100: 0 | L100: 0
B101: 5-5 | C101: Camera | D101: Photo | E101: 16 | F101: 0.94117647 | G101: 17 | H101: 0.015684753 | I101: -0.050404474 | J101: 0.066089226 | K101: 0.11111111 | L101: 0.22222222
B102: 6 | C102: Durability | E102: 932 | F102: 3.7429719 | G102: 249 | H102: 0.031071426 | I102: -0.036312548 | J102: 0.067383974 | K102: 0.22123894 | L102: 0.026548673 | M102: 차세대 Gorilla Glass 기반 액정 보호필름 미부착 기대 | V102: https://news.livedoor.com/article/detail/30458064/ | W102: https://x.com/UniverseIce/status/2014275348008194529
B103: 6-1 | C103: Durability | D103: Protection | E103: 4099 | F103: 23.422857 | G103: 175 | H103: 0.52457657 | I103: -0.58282841 | J103: 1.107405 | K103: 0.1959799 | L103: 0.010050251
B104: 6-2 | C104: Durability | D104: Case | E104: 26 | F104: 0.325 | G104: 80 | H104: 0.035574957 | I104: -0.30498861 | J104: 0.34056356 | K104: 0.42857143 | L104: 0.071428571
B105: 6-3 | C105: Durability | D105: Resistance | E105: 15 | F105: 1.25 | G105: 12 | H105: 0.019222198 | I105: -0.025666399 | J105: 0.044888598 | K105: 0.44444444 | L105: 0.11111111
B106: 6-4 | C106: Durability | D106: SC+/Repair | E106: 5 | F106: - | G106: 0 | H106: 0.0049971 | I106: 0.0049971 | J106: 0 | K106: 0.25 | L106: 0.5
B107: 6-5 | C107: Durability | D107: Crease | E107: 0 | F107: - | G107: 0 | H107: 0 | I107: 0 | J107: 0
B108: 7 | C108: Security | E108: 5348 | F108: 267.4 | G108: 20 | H108: 0.2116005 | I108: 0.20431717 | J108: 0.0072833212 | K108: 0.5106383 | L108: 0.021276596 | M108: Privacy Display로 인한 개인정보 보호 기술 강화 | V108: https://www.it-boltwise.de/samsung-integriert-dynamische-blickschutz-technologie-in-neue-smartphones.html | W108: https://x.com/UniverseIce/status/2016342843644883276
B109: 7-1 | C109: Security | D109: Protection | E109: 4099 | F109: 23.422857 | G109: 175 | H109: 0.52457657 | I109: -0.58282841 | J109: 1.107405 | K109: 0.53012048 | L109: 0.024096386
...

Sheet 법인_260204
G1: -29
B2: ■ 26.1H 언팩 12개 전략 법인 소셜 버즈 현황 | G2: -22
B3: * Data Cut: [Region A] 2026-01-27 ~ 2026-02-03 [Region B] 2026-01-28 ~ 2026-02-04
C5: 누적 | E5: Pre-teaser | G5: Buzz Driver
D6: 전년比 | E6: U-4W | G6: 누적 | H6: 금주 하이라이트
F7: 전년比
B8: SEA | C8: 10025 | D8: 2.5672215 | E8: 10025 | F8: 2.5672215 | G8: - | H8: - 공식 계정 發 동시 다발적 Pre PR 컨텐츠 게재 - Reddit 중심 신제품 관련 소비자 토론 활발 - 초대장 이미지 유출 통한 언팩 일정 확산 | I8: Pre PR (IG) | J8: Rumor(Reddit) | K8: Rumor(Reddit) | L8: Invitation(X)
B9: SEUK | C9: 28970 | D9: 73.903061 | E9: 28970 | F9: 73.903061 | G9: - | H9: - 공식 계정 發 동시 다발적 Privacy Pre PR 컨텐츠 게재 - FB 공식 계정 發 전작 활용 7 Days 소비자 참여 이벤트 (#ExploreGalaxy) | I9: Pre PR(IG) - Privacy | J9: Pre PR(IG) | K9: #ExploreGalaxy(FB) | L9: #ExploreGalaxy(FB2)
B10: SEF | C10: 461 | D10: 1.3323699 | E10: 461 | F10: 1.3323699 | G10: - | H10: - 공식 계정 發 동시 다발적 Privacy Pre PR 컨텐츠 게재 및 뉴스 중심의 신제품 스펙 유출 | I10: Pre PR(IG) | J10: Rumor(News)
B11: SEG | C11: 817 | D11: 2.002451 | E11: 817 | F11: 2.002451 | G11: - | H11: - 공식 계정 發 동시 다발적 Privacy Pre PR 컨텐츠 게재 및 뉴스 중심의 신제품 스펙 유출 | I11: Pre PR(IG) | J11: Rumor(News)
B12: SEIN | C12: 4470 | D12: 2.4439584 | E12: 4470 | F12: 2.4439584 | G12: - | H12: - 공식 계정 發 동시 다발적 Pre PR 컨텐츠 게재 - X 중심의 신제품 스펙 유출 및 소비자 루머 확산 | I12: Pre PR (TT) | J12: Rumor(X) | K12: Rumor(X)
B13: SEAU | C13: 378 | D13: 3.3451327 | E13: 378 | F13: 3.3451327 | G13: - | H13: - 공식 계정 發 동시 다발적 Pre PR 컨텐츠 게재 - 뉴스 중심의 신제품 스펙 유출 - 포럼 내 루머 및 토론 확산 | I13: Pre PR (TT) | J13: Rumor(News) | K13: Rumor(Forum)
B14: TSE | C14: 1205 | D14: 2.2191529 | E14: 1205 | F14: 2.2191529 | G14: - | H14: - 공식 계정 發 동시 다발적 Pre PR 컨텐츠 게재 - X 중심의 신제품 스펙 및 이미지 유출로 인한 기대감 확산 | I14: Pre PR(TT) | J14: Pre PR(IG) | K14: Rumor(X) | L14: Pre PR(IG)
B15: SIEL | C15: 4155 | D15: 1.3173748 | E15: 4155 | F15: 1.3173748 | G15: - | H15: - 공식 계정 發 동시 다발적 Privacy Pre PR 컨텐츠 게재 - 테크 인플루언서 중심 신제품 루머 확산 - X, 뉴스 중심의 신제품 기능 관련 이미지 유출 및 기대감 확산 | I15: Pre PR(IG) | J15: Rumor(YT) | K15: Rumor(X)
B16: SGE | C16: 554 | D16: 2.4954955 | E16: 554 | F16: 2.4954955 | G16: - | H16: - 공식 계정 發 동시 다발적 Privacy Pre PR 컨텐츠 게재 - X, 포럼 중심의 신제품 기능 관련 기대감 확산 | I16: Pre PR(IG) | J16: Rumor(X) | K16: Rumor(Forum)
B17: SEDA | C17: 3914 | D17: 6.7951389 | E17: 3914 | F17: 6.7951389 | G17: - | H17: - 공식 계정 發 동시 다발적 Privacy Pre PR 컨텐츠 게재 - 뉴스 및 X 중심의 신제품 루머/스펙 유출 - Members 내 #FeitoComGalaxy 사진 공유 뱃지 이벤트 - IG 중심 #FeitoComGalaxy 사진/영상 공유 | I17: Pre PR (IG) | J17: Rumor(News) | K17: Rumor(X) | L17: #FeitoComGalaxy(Members) | M17: #FeitoComGalaxy(IG)
B18: Korea | C18: 11664 | D18: 2.2319173 | E18: 11664 | F18: 2.2319173 | G18: - | H18: - 공식 계정 發 동시 다발적 Pre PR 컨텐츠 게재 - X, 포럼 중심의 신제품 스펙 및 이미지 유출로 인한 기대감 및 루머 확산 - 밀라노 올림픽 출전 선수단 소개 컨텐츠 게재 (#withGalaxy) - YT 테크 인플루언서에 의한 루머 및 유출 확산(주연, 테크몽) - PR 컨텐츠 활용 공식계정 IG Event | I18: Pre PR(TT) | J18: Rumor(X) | K18: #withGalaxy(IG) | L18: Rumor(Forum) | M18: YT 테크 인플(주연) | N18: Event(IG)
B19: Japan | C19: 2373 | D19: 1.6664326 | E19: 2373 | F19: 1.6664326 | G19: - | H19: - 공식 계정 發 동시 다발적 Pre PR 컨텐츠 게재 - X 중심의 신제품 스펙 및 이미지 유출로 인한 기대감 및 루머 확산 - 전작 활용 오프라인 부스 방문 포스트 확산 (#GalaxyHarajuku & #GalaxyStudioOsaka) | I19: Pre PR(IG) | J19: Pre PR(TT) | K19: Rumor(X)

Sheet 법인_260203
G1: -29
B2: ■ 26.1H 언팩 12개 전략 법인 소셜 버즈 현황 | G2: -23
B3: * Data Cut: [Region A] 2026-01-27 ~ 2026-02-02 [Region B] 2026-01-28 ~ 2026-02-03
C5: 누적 | E5: Pre-teaser | G5: Buzz Driver
D6: 전년比 | E6: U-4W | G6: 누적 | H6: 금주 하이라이트
F7: 전년比
B8: SEA | C8: 8891 | D8: 2.5431922 | E8: 8891 | F8: 2.5431922 | G8: - | H8: - 공식 계정 發 동시 다발적 Privacy Pre PR 컨텐츠 개재 및 - Reddit 중심 신제품 관련 소비자 토론 활발 - 초대장 이미지 유출 통한 언팩 일정 확산 | I8: Pre PR (IG) | J8: Rumor(Reddit) | K8: Rumor(Reddit) | L8: Invitation(X)
B9: SEUK | C9: 22555 | D9: 68.765244 | E9: 22555 | F9: 68.765244 | G9: - | H9: - 공식 계정 發 동시 다발적 Privacy Pre PR 컨텐츠 개재 - FB 공식 계정 發 전작 활용 7 Days 소비자 참여 이벤트 (#ExploreGalaxy) | I9: Pre PR(IG) - Privacy | J9: Pre PR(IG) | K9: #ExploreGalaxy(FB)
B10: SEF | C10: 368 | D10: 1.2867133 | E10: 368 | F10: 1.2867133 | G10: - | H10: - 공식 계정 發 동시 다발적 Privacy Pre PR 컨텐츠 개재 및 뉴스 중심의 신제품 스펙 유출 | I10: Pre PR(IG) | J10: Rumor(News)
B11: SEG | C11: 724 | D11: 2.0394366 | E11: 724 | F11: 2.0394366 | G11: - | H11: - 공식 계정 發 동시 다발적 Privacy Pre PR 컨텐츠 개재 및 뉴스 중심의 신제품 스펙 유출 | I11: Pre PR(IG) | J11: Rumor(News)
B12: SEIN | C12: 3903 | D12: 2.2176136 | E12: 3903 | F12: 2.2176136 | G12: - | H12: - 공식 계정 發 동시 다발적 Privacy Pre PR 컨텐츠 개재 - X 중심의 신제품 스펙 유출 및 소비자 루머 확산 | I12: Pre PR (TT) | J12: Rumor(X) | K12: Rumor(X)
B13: SEAU | C13: 303 | D13: 3.4827586 | E13: 303 | F13: 3.4827586 | G13: - | H13: - 공식 계정 發 동시 다발적 Privacy Pre PR 컨텐츠 개재 및 뉴스 중심의 신제품 스펙 유출 - 포럼 내 루머 및 토론 확산 | I13: Pre PR (TT) | J13: Rumor(News) | K13: Rumor(Forum)
B14: TSE | C14: 1021 | D14: 0.039468089 | E14: 1021 | F14: 0.039468089 | G14: - | H14: - 공식 계정 發 동시 다발적 Privacy Pre PR 컨텐츠 개재 - X 중심의 신제품 스펙 및 이미지 유출로 인한 기대감 확산 - 공식 계정 發 Camera Pre PR 컨텐츠 개재 | I14: Pre PR(TT) | J14: Pre PR(IG) | K14: Rumor(X) | L14: Pre PR(YT)
B15: SIEL | C15: 3706 | D15: 1.3451906 | E15: 3706 | F15: 1.3451906 | G15: - | H15: - 공식 계정 發 동시 다발적 Privacy Pre PR 컨텐츠 개재 - 테크 인플루언서 중심 신제품 루머 확산 - X 중심의 신제품 기능 관련 이미지 유출 및 기대감 확산 | I15: Pre PR(IG) | J15: Rumor(YT) | K15: Rumor(X)
B16: SGE | C16: 472 | D16: 2.4973545 | E16: 472 | F16: 2.4973545 | G16: - | H16: - 공식 계정 發 동시 다발적 Privacy Pre PR 컨텐츠 개재 - X, 포럼 중심의 신제품 기능 관련 기대감 확산 | I16: Pre PR(IG) | J16: Rumor(X) | K16: Rumor(Forum)
B17: SEDA | C17: 3482 | D17: 6.6961538 | E17: 3482 | F17: 6.6961538 | G17: - | H17: - 공식 계정 發 동시 다발적 Privacy Pre PR 컨텐츠 개재 - 뉴스 및 X 중심의 신제품 루머/스펙 유출 - Members 내 #FeitoComGalaxy 사진 공유 뱃지 이벤트 - IG 중심 #FeitoComGalaxy 사진/영상 공유 | I17: Pre PR (IG) | J17: Rumor(News) | K17: Rumor(X) | L17: #FeitoComGalaxy(Members) | M17: #FeitoComGalaxy(IG)
B18: Korea | C18: 10723 | D18: 2.4627928 | E18: 10723 | F18: 2.4627928 | G18: - | H18: - 공식 계정 發 동시 다발적 Privacy Pre PR 컨텐츠 개재 - X, 포럼 중심의 신제품 스펙 및 이미지 유출로 인한 기대감 및 루머 확산 - 밀라노 올림픽 출전 선수단 소개 컨텐츠 개재 (#withGalaxy) - YT 테크 인플루언서에 의한 루머 및 유출 확산(주연, 테크몽) | I18: Pre PR(TT) | J18: Rumor(X) | K18: #withGalaxy(IG) | L18: Rumor(Forum) | M18: YT 테크 인플(주연)
B19: Japan | C19: 2164 | D19: 1.7052797 | E19: 2164 | F19: 1.7052797 | G19: - | H19: - 공식 계정 發 동시 다발적 Privacy Pre PR 컨텐츠 개재 - X 중심의 신제품 스펙 및 이미지 유출로 인한 기대감 및 루머 확산 - 전작 활용 ILP 방문 포스트 확산 (#GalaxyHarajuku & #GalaxyStudioOsaka) | I19: Pre PR(IG) | J19: Pre PR(TT) | K19: Rumor(X)

Sheet 법인_260202
G1: -29
B2: ■ 26.1H 언팩 12개 전략 법인 소셜 버즈 현황 | G2: -24
B3: * Data Cut: [Region A] 2026-01-27 ~ 2026-02-01 [Region B] 2026-01-28 ~ 2026-02-02
C5: 누적 | E5: Pre-teaser | G5: Buzz Driver
D6: 전년比 | E6: U-4W | G6: 누적 | H6: 금주 하이라이트
F7: 전년比
B8: SEA | C8: 7530 | D8: 2.4353169 | E8: 7530 | F8: 2.4353169 | G8: - | H8: - 공식 계정 發 동시 다발적 Privacy Pre PR 컨텐츠 개재 및 - Reddit 중심 신제품 관련 소비자 토론 활발 - 초대장 이미지 유출 통한 언팩 일정 확산 | I8: Pre PR (IG) | J8: Rumor(Reddit) | K8: Rumor(Reddit) | L8: Invitation(X)
B9: SEUK | C9: 18425 | D9: 69.791667 | E9: 18425 | F9: 69.791667 | G9: - | H9: - 공식 계정 發 동시 다발적 Privacy Pre PR 컨텐츠 개재 - FB 공식 계정 發 전작 활용 7 Days 소비자 참여 이벤트(#ExploreGalaxy) | I9: Pre PR(IG) - Privacy | J9: Pre PR(IG) | K9: #ExploreGalaxy(FB)
B10: SEF | C10: 309 | D10: 1.3918919 | E10: 309 | F10: 1.3918919 | G10: - | H10: - 공식 계정 發 동시 다발적 Privacy Pre PR 컨텐츠 개재 및 뉴스 중심의 신제품 스펙 유출 | I10: Pre PR(IG) | J10: Rumor(News)
B11: SEG | C11: 603 | D11: 2.0721649 | E11: 603 | F11: 2.0721649 | G11: - | H11: - 공식 계정 發 동시 다발적 Privacy Pre PR 컨텐츠 개재 및 뉴스 중심의 신제품 스펙 유출 | I11: Pre PR(IG) | J11: Rumor(News)
B12: SEIN | C12: 3662 | D12: 2.3250794 | E12: 3662 | F12: 2.3250794 | G12: - | H12: - 공식 계정 發 동시 다발적 Privacy Pre PR 컨텐츠 개재 - X 중심의 신제품 스펙 유출 및 소비자 루머 확산 | I12: Pre PR (TT) | J12: Rumor(X) | K12: Rumor(X)
B13: SEAU | C13: 236 | D13: 3.4202899 | E13: 236 | F13: 3.4202899 | G13: - | H13: - 공식 계정 發 동시 다발적 Privacy Pre PR 컨텐츠 개재 및 뉴스 중심의 신제품 스펙 유출 | I13: Pre PR (TT) | J13: Rumor(News)
B14: TSE | C14: 883 | D14: 0.034236749 | E14: 883 | F14: 0.034236749 | G14: - | H14: - 공식 계정 發 동시 다발적 Privacy Pre PR 컨텐츠 개재 - X 중심의 신제품 스펙 및 이미지 유출로 인한 기대감 확산 | I14: Pre PR(TT) | J14: Pre PR(IG) | K14: Rumor(X)
B15: SIEL | C15: 3168 | D15: 1.453211 | E15: 3168 | F15: 1.453211 | G15: - | H15: - 공식 계정 發 동시 다발적 Privacy Pre PR 컨텐츠 개재 - 테크 인플루언서 중심 신제품 루머 확산 - X 중심의 신제품 기능 관련 이미지 유출 및 기대감 확산 | I15: Pre PR(IG) | J15: Rumor(YT) | K15: Rumor(X)
B16: SGE | C16: 435 | D16: 2.71875 | E16: 435 | F16: 2.71875 | G16: - | H16: - 공식 계정 發 동시 다발적 Privacy Pre PR 컨텐츠 개재 - X, 포럼 중심의 신제품 기능 관련 기대감 확산 | I16: Pre PR(IG) | J16: Rumor(X) | K16: Rumor(Forum)
B17: SEDA | C17: 1770 | D17: 4.0877598 | E17: 1770 | F17: 4.0877598 | G17: - | H17: - 공식 계정 發 동시 다발적 Privacy Pre PR 컨텐츠 개재 - 뉴스 및 X 중심의 신제품 루머/스펙 유출 - Members 내 #FeitoComGalaxy 사진 공유 뱃지 이벤트 - IG 중심 #FeitoComGalaxy 사진/영상 공유 | I17: Pre PR (IG) | J17: Rumor(News) | K17: Rumor(X) | L17: #FeitoComGalaxy(Members) | M17: #FeitoComGalaxy(IG)
B18: Korea | C18: 9989 | D18: 2.7114549 | E18: 9989 | F18: 2.7114549 | G18: - | H18: - 공식 계정 發 동시 다발적 Privacy Pre PR 컨텐츠 개재 - X, 포럼 중심의 신제품 스펙 및 이미지 유출로 인한 기대감 및 루머 확산 - 밀라노 올림픽 출전 선수단 소개 컨텐츠 개재 (#withGalaxy) | I18: Pre PR(TT) | J18: Rumor(X) | K18: #withGalaxy(IG)
B19: Japan | C19: 2018 | D19: 1.8754647 | E19: 2018 | F19: 1.8754647 | G19: - | H19: - 공식 계정 發 동시 다발적 Privacy Pre PR 컨텐츠 개재 - X 중심의 신제품 스펙 및 이미지 유출로 인한 기대감 및 루머 확산 | I19: Pre PR(IG) | J19: Pre PR(TT) | K19: Rumor(X)

Sheet 법인_260201
G1: -29
B2: ■ 26.1H 언팩 12개 전략 법인 소셜 버즈 현황 | G2: -25
B3: * Data Cut: [Region A] 2026-01-27 ~ 2026-01-31 [Region B] 2026-01-28 ~ 2026-02-01
C5: 누적 | E5: Pre-teaser | G5: Buzz Driver
D6: 전년比 | E6: U-4W | G6: 누적 | H6: 금주 하이라이트
F7: 전년比
B8: SEA | C8: 6142 | D8: 2.2714497 | E8: 6142 | F8: 2.2714497 | G8: - | H8: - 공식 계정 發 동시 다발적 Privacy Pre PR 컨텐츠 개재 및 - Pre PR로 Reddit 중심 신제품 관련 소비자 토론 활발 - 초대장 이미지 유출 통한 언팩 일정 확산 | I8: Pre PR (IG) | J8: Rumor(Reddit) | K8: Rumor(Reddit) | L8: Invitation(X)
B9: SEUK | C9: 11484 | D9: 51.497758 | E9: 11484 | F9: 51.497758 | G9: - | H9: - 공식 계정 發 동시 다발적 Privacy Pre PR 컨텐츠 개재 - FB 공식 계정 發 7 Days 소비자 참여 이벤트(#ExploreGalaxy) | I9: Pre PR(IG) - Privacy | J9: Pre PR(IG) | K9: IG(#ExploreGalaxy)
B10: SEF | C10: 278 | D10: 1.4479167 | E10: 278 | F10: 1.4479167 | G10: - | H10: - 공식 계정 發 동시 다발적 Privacy Pre PR 컨텐츠 개재 및 뉴스 중심의 신제품 스펙 유출 | I10: Pre PR(IG) | J10: News
B11: SEG | C11: 521 | D11: 2.0674603 | E11: 521 | F11: 2.0674603 | G11: - | H11: - 공식 계정 發 동시 다발적 Privacy Pre PR 컨텐츠 개재 및 뉴스 중심의 신제품 스펙 유출 | I11: Pre PR(IG) | J11: News
B12: SEIN | C12: 3280 | D12: 2.4099927 | E12: 3280 | F12: 2.4099927 | G12: - | H12: - 공식 계정 發 동시 다발적 Privacy Pre PR 컨텐츠 개재 - X 중심의 신제품 스펙 유출 및 소비자 루머 확산 | I12: Pre PR (TT) | J12: Rumor | K12: Rumor
B13: SEAU | C13: 193 | D13: 3.7843137 | E13: 193 | F13: 3.7843137 | G13: - | H13: - 공식 계정 發 동시 다발적 Privacy Pre PR 컨텐츠 개재 및 뉴스 중심의 신제품 스펙 유출 | I13: Pre PR (TT) | J13: News
B14: TSE | C14: 717 | D14: 0.027917299 | E14: 717 | F14: 0.027917299 | G14: - | H14: - 공식 계정 發 동시 다발적 Privacy Pre PR 컨텐츠 개재 - X 중심의 신제품 스펙 및 이미지 유출로 인한 기대감 확산 - #TeamGalaxy 협업 S25Ultra AI 기능 소구 컨텐츠 | I14: Pre PR(TT) | J14: Pre PR(IG) | K14: Rumor | L14: #TeamGalaxy
B15: SIEL | C15: 2886 | D15: 1.5109948 | E15: 2886 | F15: 1.5109948 | G15: - | H15: - 공식 계정 發 동시 다발적 Privacy Pre PR 컨텐츠 개재 - 테크 인플루언서 중심 신제품 루머 확산 - X 중심의 신제품 기능 관련 이미지 유출 및 기대감 확산 | I15: Pre PR(IG) | J15: Rumor | K15: X
B16: SGE | C16: 380 | D16: 2.7941176 | E16: 380 | F16: 2.7941176 | G16: - | H16: - 공식 계정 發 동시 다발적 Privacy Pre PR 컨텐츠 개재 - X, 포럼 중심의 신제품 기능 관련 기대감 확산 | I16: Pre PR(IG) | J16: X | K16: Forum
B17: SEDA | C17: 1517 | D17: 3.9816273 | E17: 1517 | F17: 3.9816273 | G17: - | H17: - 공식 계정 發 동시 다발적 Privacy Pre PR 컨텐츠 개재 - 뉴스 및 X 중심의 신제품 루머/스펙 유출 - Members 내 #FeitoComGalaxy 사진 공유 뱃지 이벤트 - IG 중심 #FeitoComGalaxy 사진 공유 | I17: Pre PR (IG) | J17: Rumor(News) | K17: Rumor(X) | L17: #FeitoComGalaxy(Members) | M17: #FeitoComGalaxy(IG)
B18: Korea | C18: 9347 | D18: 2.8410334 | E18: 9347 | F18: 2.8410334 | G18: - | H18: - 공식 계정 發 동시 다발적 Privacy Pre PR 컨텐츠 개재 - X, 포럼 중심의 신제품 스펙 및 이미지 유출로 인한 기대감 및 루머 확산 | I18: Pre PR(TT) | J18: Rumor
B19: Japan | C19: 1880 | D19: 2 | E19: 1880 | F19: 2 | G19: - | H19: - 공식 계정 發 동시 다발적 Privacy Pre PR 컨텐츠 개재 - X 중심의 신제품 스펙 및 이미지 유출로 인한 기대감 및 루머 확산 | I19: Pre PR(IG) | J19: Pre PR(TT) | K19: Rumor

Sheet 법인_260129
G1: -29
B2: ■ 26.1H 언팩 12개 전략 법인 소셜 버즈 현황 | G2: -28
B3: * Data Cut: [Region A] 2026-01-27 ~ 2026-01-28 [Region B] 2026-01-28 ~ 2026-01-29
C5: 누적 | E5: Pre-teaser | G5: Buzz Driver
D6: 전년比 | E6: U-4W | G6: 누적 | H6: 금주 하이라이트
F7: 전년比
B8: SEA | C8: 2739 | D8: 2.8680628 | E8: 2739 | F8: 2.8680628 | G8: - | H8: - 공식 계정 發 동시 다발적 Privacy Pre PR 컨텐츠 개재 및 - Pre PR로 Reddit 중심 신제품 관련 소비자 토론 활발 | I8: Pre PR (IG) | J8: Rumor(Reddit) | K8: Rumor(Reddit)
B9: SEUK | C9: 3264 | D9: 59.345455 | E9: 3264 | F9: 59.345455 | G9: - | H9: - 공식 계정 發 동시 다발적 Privacy Pre PR 컨텐츠 개재 - FB 공식 계정 發 7 Days 소비자 참여 이벤트(#ExploreGalaxy) | I9: Pre PR(IG) - Privacy | J9: Pre PR(IG) | K9: IG(#ExploreGalaxy)
B10: SEF | C10: 121 | D10: 4.0333333 | E10: 121 | F10: 4.0333333 | G10: - | H10: - 공식 계정 發 동시 다발적 Privacy Pre PR 컨텐츠 개재 및 뉴스 중심의 신제품 스펙 유출 | I10: Pre PR(IG) | J10: News
B11: SEG | C11: 215 | D11: 2.721519 | E11: 215 | F11: 2.721519 | G11: - | H11: - 공식 계정 發 동시 다발적 Privacy Pre PR 컨텐츠 개재 및 뉴스 중심의 신제품 스펙 유출 | I11: Pre PR(IG) | J11: News
B12: SEIN | C12: 2188 | D12: 3.5176849 | E12: 2188 | F12: 3.5176849 | G12: - | H12: - 공식 계정 發 동시 다발적 Privacy Pre PR 컨텐츠 개재 - X 중심의 신제품 유출 및 소비자 루머 확산 | I12: Pre PR (TT) | J12: Rumor
B13: SEAU | C13: 92 | D13: 3.4074074 | E13: 92 | F13: 3.4074074 | G13: - | H13: - 공식 계정 發 동시 다발적 Privacy Pre PR 컨텐츠 개재 및 뉴스 중심의 신제품 스펙 유출 | I13: Pre PR (TT) | J13: News
B14: TSE | C14: 296 | D14: 0.012943852 | E14: 296 | F14: 0.012943852 | G14: - | H14: - 공식 계정 發 동시 다발적 Privacy Pre PR 컨텐츠 개재 - X 중심의 신제품 기능 관련 이미지 유출 및 기대감 확산 - #TeamGalaxy 협업 Galaxy AI 소구 컨텐츠 - 신제품 무선 충전기 관련 루머 확산 | I14: Rumor | J14: #TeamGalaxy | K14: Rumor | L14: Pre PR(TT) | M14: Pre PR(IG)
B15: SIEL | C15: 1463 | D15: 2.3370607 | E15: 1463 | F15: 2.3370607 | G15: - | H15: - 공식 계정 發 동시 다발적 Privacy Pre PR 컨텐츠 개재 - 테크 인플루언서 중심 신제품 루머 확산 - IG 내 Micro 인플루언서 협업 S25FE 컨텐츠 확산 - X 중심의 신제품 기능 관련 이미지 유출 및 기대감 확산 | I15: Pre PR(IG) | J15: Rumor | K15: IG collab | L15: X
B16: SGE | C16: 145 | D16: 3.0208333 | E16: 145 | F16: 3.0208333 | G16: - | H16: - 공식 계정 發 동시 다발적 Privacy Pre PR 컨텐츠 개재 - X, 포럼 중심의 신제품 기능 관련 기대감 확산 | I16: Pre PR(IG) | J16: X | K16: Forum
B17: SEDA | C17: 582 | D17: 6.6896552 | E17: 582 | F17: 6.6896552 | G17: - | H17: - 공식 계정 發 동시 다발적 Privacy Pre PR 컨텐츠 개재 - 뉴스 및 X 중심의 신제품 루머/스펙 유출 - Members 내 #FeitoComGalaxy 사진 공유 뱃지 이벤트 | I17: Pre PR (IG) | J17: Rumor(News) | K17: Rumor(X) | L17: Members(#FeitoComGalaxy)
B18: Korea | C18: 7593 | D18: 8.9119718 | E18: 7593 | F18: 8.9119718 | G18: - | H18: - X 중심의 신제품 기능 관련 이미지/동영상 유출 및 기대감 확산 - 공식 계정 發 동시 다발적 Privacy Pre PR 컨텐츠 개재 - 포럼 중심의 가격 및 출시 일정 관련 루머 확산 - 포럼 중심의 신제품 스펙 유출 | I18: Rumor | J18: Pre PR(TT) | K18: Rumor | L18: Rumor
B19: Japan | C19: 1191 | D19: 2.1654545 | E19: 1191 | F19: 2.1654545 | G19: - | H19: - 공식 계정 發 동시 다발적 Privacy Pre PR 컨텐츠 개재 - X 중심의 신제품 기능 관련 이미지 유출 및 기대감 확산 - X 중심의 신제품 가격 및 스펙 유출 | I19: Rumor | J19: Rumor | K19: Rumor | L19: Rumor | M19: Pre PR(IG) | N19: Pre PR(TT)

Sheet 법인_260128
G1: -29
B2: ■ 26.1H 언팩 12개 전략 법인 소셜 버즈 현황 | G2: -29
B3: * Data Cut: [Region A] 2026-01-27 ~ 2026-01-27 [Region B] 2026-01-28 ~ 2026-01-28
C5: 누적 | E5: Pre-teaser | G5: Buzz Driver
D6: 전년比 | E6: U-4W | G6: 누적 | H6: 금주 하이라이트
F7: 전년比
B8: SEA | C8: 708 | D8: 1.2642857 | E8: 708 | F8: 1.2642857 | G8: - | H8: 공식 계정 發 동시 다발적 Privacy Pre PR 컨텐츠 개재 및 이로 촉발된 Reddit 중심 소비자 토론 | I8: Pre PR (IG) | J8: Reddit
B9: SEUK | C9: 81 | D9: 2.7 | E9: 81 | F9: 2.7 | G9: - | H9: 공식 계정 發 동시 다발적 Privacy Pre PR 컨텐츠 개재 및 뉴스 및 포럼 중심의 신제품 기능 유출 및 기대감 확산 | I9: News
B10: SEF | C10: 31 | D10: 1.6315789 | E10: 31 | F10: 1.6315789 | G10: - | H10: 공식 계정 發 동시 다발적 Privacy Pre PR 컨텐츠 개재 및 뉴스 중심의 신제품 스펙 유출 | I10: News | J10: Pre PR(YT)
B11: SEG | C11: 84 | D11: 1.8666667 | E11: 84 | F11: 1.8666667 | G11: - | H11: 공식 계정 發 동시 다발적 Privacy Pre PR 컨텐츠 개재 및 뉴스 중심의 신제품 스펙 유출 | I11: News
B12: SEIN | C12: 1359 | D12: 4.1944444 | E12: 1359 | F12: 4.1944444 | G12: - | H12: 공식 계정 發 동시 다발적 Privacy Pre PR 컨텐츠 개재 및 뉴스 중심의 신제품 스펙 유출 | I12: Pre PR (TT)
B13: SEAU | C13: 46 | D13: 4.1818182 | E13: 46 | F13: 4.1818182 | G13: - | H13: 공식 계정 發 동시 다발적 Privacy Pre PR 컨텐츠 개재 및 뉴스 중심의 신제품 스펙 유출 | I13: Pre PR (TT)
B14: TSE | C14: 161 | D14: 0.0098888275 | E14: 161 | F14: 0.0098888275 | G14: - | H14: X 중심의 신제품 기능 관련 이미지 유출 및 기대감 확산 #TeamGalaxy 인플루언서 협업 Galaxy AI 소구 컨텐츠 | I14: Rumor | J14: #TeamGalaxy
B15: SIEL | C15: 644 | D15: 1.872093 | E15: 644 | F15: 1.872093 | G15: - | H15: 공식 계정 發 동시 다발적 Privacy Pre PR 컨텐츠 개재 테크 인플루언서 중심 신제품 루머 확산 IG 크레에이터 협업 S25FE 컨텐츠 확산 | I15: Rumor | J15: IG collab | K15: News
B16: SGE | C16: 43 | D16: 2.15 | E16: 43 | F16: 2.15 | G16: - | H16: 공식 계정 發 동시 다발적 Privacy Pre PR 컨텐츠 개재 및 포럼 중심의 신제품 기능 관련 기대감 확산 | I16: Forum
B17: SEDA | C17: 184 | D17: 3.3454545 | E17: 184 | F17: 3.3454545 | G17: - | H17: 공식 계정 發 동시 다발적 Privacy Pre PR 컨텐츠 개재 뉴스 중심의 신제품 스펙 유출 | I17: Pre PR (IG) | J17: News
B18: Korea | C18: 4720 | D18: 13.111111 | E18: 4720 | F18: 13.111111 | G18: - | H18: X 중심의 신제품 기능 관련 이미지/동영상 유출 및 기대감 확산 공식 계정 發 동시 다발적 Privacy Pre PR 컨텐츠 개재 | I18: Rumor | J18: Pre PR(TT)
B19: Japan | C19: 780 | D19: 2.0207254 | E19: 780 | F19: 2.0207254 | G19: - | H19: X 중심의 신제품 기능 관련 이미지 유출 및 기대감 확산 | I19: Rumor

Sheet Line Graph
C3: □ '26.1H 언팩 일별 버즈 Trend
C18: Week 구분 | E18: W-4 | M18: W-3 | T18: W-2 | AA18: W-1
C19: 26.1H UNPK | E19: 46050 | F19: 46051 | G19: 46052 | H19: 46053 | I19: 46054 | J19: 46055 | K19: 46056 | L19: 46057 | M19: 46058 | N19: 46059 | O19: 46060 | P19: 46061 | Q19: 46062 | R19: 46063 | S19: 46064 | T19: 46065 | U19: 46066 | V19: 46067 | W19: 46068 | X19: 46069 | Y19: 46070 | Z19: 46071 | AA19: 46072 | AB19: 46073 | AC19: 46074 | AD19: 46075 | AE19: 46076 | AF19: 46077 | AG19: 46078
D20: Event | E20: Pre-PR | S20: Invi. | V20: HTR | X20: HTR | AA20: HTR | AC20: HTR | AE20: HTR
C21: 25.1H UNPK | E21: 46016 | F21: 46017 | G21: 46018 | H21: 46019 | I21: 46020 | J21: 46021 | K21: 46022 | L21: 46023 | M21: 46024 | N21: 46025 | O21: 46026 | P21: 46027 | Q21: 46028 | R21: 46029 | S21: 46030 | T21: 46031 | U21: 46032 | V21: 46033 | W21: 46034 | X21: 46035 | Y21: 46036 | Z21: 46037 | AA21: 46038 | AB21: 46039 | AC21: 46040 | AD21: 46041 | AE21: 46042 | AF21: 46043 | AG21: 46044
D22: Event | F22: Pre-PR | R22: Invi. | X22: HTR | Z22: HTR | AA22: HTR
C25: 언팩 後 Total Social Buzz Daily Trend
C38: Week 구분 | E38: W+1 | L38: W+2 | S38: W+3 | Z38: W+4 | AG38: W+5
C39: 26.1H UNPK | E39: 46079 | F39: 46080 | G39: 46081 | H39: 46082 | I39: 46083 | J39: 46084 | K39: 46085 | L39: 46086 | M39: 46087 | N39: 46088 | O39: 46089 | P39: 46090 | Q39: 46091 | R39: 46092 | S39: 46093 | T39: 46094 | U39: 46095 | V39: 46096 | W39: 46097 | X39: 46098 | Y39: 46099 | Z39: 46100 | AA39: 46101 | AB39: 46102 | AC39: 46103 | AD39: 46104 | AE39: 46105 | AF39: 46106 | AG39: 46107 | AH39: 46108
C40: Event | E40: UNPK | F40: +24H | G40: +48H | H40: HTR | K40: HTR | N40: HTR | R40: 출시
C41: 25.1H UNPK | E41: 46045 | F41: 46046 | G41: 46047 | H41: 46048 | I41: 46049 | J41: 46050 | K41: 46051 | L41: 46052 | M41: 46053 | N41: 46054 | O41: 46055 | P41: 46056 | Q41: 46057 | R41: 46058 | S41: 46059 | T41: 46060 | U41: 46061 | V41: 46062 | W41: 46063 | X41: 46064 | Y41: 46065 | Z41: 46066 | AA41: 46067 | AB41: 46068 | AC41: 46069 | AD41: 46070 | AE41: 46071 | AF41: 46072 | AG41: 46073 | AH41: 46074
C42: Event | E42: UNPK | F42: +24H | G42: +48H | I42: HTR | L42: HTR | T42: 출시 | W42: HTR | Z42: HTR

Sheet Daily Feature Trend
B2: Rank | C2: Ultra | D2: -1D | L2: Rank | M2: Ultra | N2: -2D | V2: Rank | W2: Ultra | X2: -3D | AF2: Rank | AG2: Ultra | AH2: -4D
D3: 버즈량 (%) | G3: Sentiment | N3: 버즈량 (%) | Q3: Sentiment | X3: 버즈량 (%) | AA3: Sentiment | AH3: 버즈량 (%) | AK3: Sentiment
F4: 전일比 | I4: 전일比 | P4: 전일比 | S4: 전일比 | Z4: 전일比 | AC4: 전일比 | AJ4: 전일比 | AM4: 전일比
G5: 긍정 | H5: 부정 | I5: 긍정 | J5: 부정 | Q5: 긍정 | R5: 부정 | S5: 긍정 | T5: 부정 | AA5: 긍정 | AB5: 부정 | AC5: 긍정 | AD5: 부정 | AK5: 긍정 | AL5: 부정 | AM5: 긍정 | AN5: 부정
B6: 1 | C6: AP/Memory | D6: 784 | E6: 0.14967545 | F6: 0.97149938 | G6: 0.14191419 | H6: 0.12541254 | I6: -0.029841534 | J6: -0.011992039 | L6: 1 | M6: Design | N6: 871 | O6: 0.15208661 | P6: 0.72704508 | Q6: 0.25666667 | R6: 0.086666667 | S6: -0.001954023 | T6: -0.018936782 | V6: 1 | W6: Design | X6: 1198 | Y6: 0.16662031 | Z6: 1.0754039 | AA6: 0.25862069 | AB6: 0.10560345 | AC6: -0.10786181 | AD6: -0.017785134 | AF6: 1 | AG6: Design | AH6: 1114 | AI6: 0.15932494 | AJ6: 1.3136792 | AK6: 0.3664825 | AL6: 0.12338858 | AM6: -0.040090265 | AN6: -0.040930667
B7: 2 | C7: Camera | D7: 758 | E7: 0.14471172 | F7: 0.96070976 | G7: 0.38082192 | H7: 0.14246575 | I7: 0.026467563 | J7: 0.040363651 | L7: 2 | M7: AP/Memory | N7: 807 | O7: 0.14091147 | P7: 0.93294798 | Q7: 0.17175573 | R7: 0.13740458 | S7: 0.016888469 | T7: 0.06660812 | V7: 2 | W7: AP/Memory | X7: 865 | Y7: 0.12030598 | Z7: 1.010514 | AA7: 0.15486726 | AB7: 0.07079646 | AC7: -0.08701 | AD7: -0.033896681 | AF7: 2 | AG7: Camera | AH7: 972 | AI7: 0.13901602 | AJ7: 1.1020408 | AK7: 0.23873874 | AL7: 0.15540541 | AM7: -0.17486817 | AN7: 0.01609655
B8: 3 | C8: Design | D8: 676 | E8: 0.12905689 | F8: 0.7761194 | G8: 0.17090909 | H8: 0.16727273 | I8: -0.085757576 | J8: 0.080606061 | L8: 3 | M8: Camera | N8: 789 | O8: 0.13776847 | P8: 0.96809816 | Q8: 0.35435435 | R8: 0.1021021 | S8: 0.15899012 | T8: -0.030348229 | V8: 3 | W8: Camera | X8: 815 | Y8: 0.11335188 | Z8: 0.83847737 | AA8: 0.19536424 | AB8: 0.13245033 | AC8: -0.0433745 | AD8: -0.022955074 | AF8: 3 | AG8: AP/Memory | AH8: 856 | AI8: 0.12242563 | AJ8: 1.2681481 | AK8: 0.24187726 | AL8: 0.10469314 | AM8: -0.038377521 | AN8: -0.052950171
B9: 4 | C9: Durability | D9: 560 | E9: 0.10691103 | F9: 1.7554859 | G9: 0.065714286 | H9: 0.27714286 | I9: -0.081572536 | J9: 0.19962348 | L9: 4 | M9: Display | N9: 669 | O9: 0.11681509 | P9: 0.82694685 | Q9: 0.38321168 | R9: 0.051094891 | S9: 0.1185058 | T9: -0.037140404 | V9: 4 | W9: Display | X9: 809 | Y9: 0.11251739 | Z9: 0.95739645 | AA9: 0.26470588 | AB9: 0.088235294 | AC9: -0.0085499316 | AD9: 0.012653899 | AF9: 4 | AG9: Display | AH9: 845 | AI9: 0.1208524 | AJ9: 1.2088698 | AK9: 0.27325581 | AL9: 0.075581395 | AM9: -0.10917662 | AN9: -0.020364551
B10: 5 | C10: Display | D10: 526 | E10: 0.10042001 | F10: 0.78624813 | G10: 0.45121951 | H10: 0.048780488 | I10: 0.068007833 | J10: -0.0023144027 | L10: 5 | M10: Price | N10: 530 | O10: 0.092544089 | P10: 0.95323741 | Q10: 0.10900474 | R10: 0.17061611 | S10: -0.020027519 | T10: 0.027758971 | V10: 5 | W10: Battery | X10: 683 | Y10: 0.094993046 | Z10: 0.92798913 | AA10: 0.22268908 | AB10: 0.20168067 | AC10: 0.040232935 | AD10: -0.064985994 | AF10: 5 | AG10: Battery | AH10: 736 | AI10: 0.10526316 | AJ10: 1.2667814 | AK10: 0.18245614 | AL10: 0.26666667 | AM10: -0.21631687 | AN10: 0.05807771
B11: 6 | C11: Price | D11: 446 | E11: 0.085147003 | F11: 0.84150943 | G11: 0.062761506 | H11: 0.26778243 | I11: -0.046243233 | J11: 0.097166313 | L11: 6 | M11: Battery | N11: 447 | O11: 0.078051336 | P11: 0.65446559 | Q11: 0.23837209 | R11: 0.19767442 | S11: 0.015683017 | T11: -0.0040062537 | V11: 6 | W11: S-Pen | X11: 677 | Y11: 0.094158554 | Z11: 1.7139241 | AA11: 0.14393939 | AB11: 0.10984848 | AC11: -0.071887944 | AD11: -0.0052594288 | AF11: 6 | AG11: Price | AH11: 508 | AI11: 0.072654462 | AJ11: 1.2330097 | AK11: 0.088105727 | AL11: 0.21585903 | AM11: -0.18389427 | AN11: -0.037474302
B12: 7 | C12: Battery | D12: 386 | E12: 0.073692249 | F12: 0.86353468 | G12: 0.11538462 | H12: 0.22435897 | I12: -0.12298748 | J12: 0.026684556 | L12: 7 | M12: Durability | N12: 319 | O12: 0.055701065 | P12: 0.75235849 | Q12: 0.14728682 | R12: 0.07751938 | S12: -0.088345362 | T12: -0.0029403903 | V12: 7 | W12: Price | X12: 556 | Y12: 0.077329624 | Z12: 1.0944882 | AA12: 0.12903226 | AB12: 0.14285714 | AC12: 0.040926531 | AD12: -0.073001888 | AF12: 7 | AG12: S-Pen | AH12: 395 | AI12: 0.056493135 | AJ12: 1.536965 | AK12: 0.21582734 | AL12: 0.11510791 | AM12: -0.18842798 | AN12: -0.083473647
B13: 8 | C13: AI | D13: 293 | E13: 0.055937381 | F13: 0.99659864 | G13: 0.24489796 | H13: 0.081632653 | I13: -0.019807923 | J13: 0.06202481 | L13: 8 | M13: AI | N13: 294 | O13: 0.051335778 | P13: 1.1574803 | Q13: 0.26470588 | R13: 0.019607843 | S13: 0.030939649 | T13: 0.019607843 | V13: 8 | W13: Durability | X13: 424 | Y13: 0.058970793 | Z13: 1.0927835 | AA13: 0.23563218 | AB13: 0.08045977 | AC13: 0.087060755 | AD13: 0.011888342 | AF13: 8 | AG13: Durability | AH13: 388 | AI13: 0.055491991 | AJ13: 1.2125 | AK13: 0.14857143 | AL13: 0.068571429 | AM13: -0.17417989 | AN13: -0.11661376
B14: 9 | C14: S-Pen | D14: 187 | E14: 0.035700649 | F14: 0.68248175 | G14: 0.19736842 | H14: 0.23684211 | I14: 0.012585812 | J14: 0.13901602 | L14: 9 | M14: S-Pen | N14: 274 | O14: 0.047843548 | P14: 0.40472674 | Q14: 0.18478261 | R14: 0.097826087 | S14: 0.040843215 | T14: -0.012022398 | V14: 9 | W14: UI/UX | X14: 283 | Y14: 0.039360223 | Z14: 0.85757576 | AA14: 0.29411765 | AB14: 0.058823529 | AC14: 0.081728267 | AD14: -0.029672046 | AF14: 9 | AG14: UI/UX | AH14: 330 | AI14: 0.047196796 | AJ14: 1 | AK14: 0.21238938 | AL14: 0.088495575 | AM14: -0.12219709 | AN14: -0.076917959
B15: 10 | C15: Security | D15: 146 | E15: 0.027873234 | F15: 1.1587302 | G15: 0.2 | H15: 0.26666667 | I15: -0.030769231 | J15: 0.26666667 | L15: 10 | M15: UI/UX | N15: 200 | O15: 0.034922298 | P15: 0.70671378 | Q15: 0.28846154 | R15: 0.11538462 | S15: -0.0056561086 | T15: 0.056561086 | V15: 10 | W15: AI | X15: 254 | Y15: 0.035326843 | Z15: 0.85234899 | AA15: 0.23376623 | AB15: 0 | AC15: 0.054818865 | AD15: -0.073684211 | AF15: 10 | AG15: AI | AH15: 298 | AI15: 0.042620137 | AJ15: 1.30131 | AK15: 0.17894737 | AL15: 0.073684211 | AM15: -0.14499629 | AN15: 0.017346182
B16: 11 | C16: Game | D16: 139 | E16: 0.026536846 | F16: 0.86335404 | G16: 0.15517241 | H16: 0.15517241 | I16: 0.064263323 | J16: 0.15517241 | L16: 11 | M16: Audio | N16: 171 | O16: 0.029858565 | P16: 0.97714286 | Q16: 0.16216216 | R16: 0.027027027 | S16: 0.10810811 | T16: -0.13513514 | V16: 11 | W16: Security | X16: 186 | Y16: 0.025869263 | Z16: 1.4761905 | AA16: 0.027777778 | AB16: 0.19444444 | AC16: -0.24808429 | AD16: 0.05651341 | AF16: 11 | AG16: Audio | AH16: 195 | AI16: 0.027889016 | AJ16: 1.5354331 | AK16: 0.15555556 | AL16: 0.066666667 | AM16: -0.17777778 | AN16: -0.12777778
B17: 12 | C17: Audio | D17: 136 | E17: 0.025964108 | F17: 0.79532164 | G17: 0.039215686 | H17: 0.078431373 | I17: -0.12294648 | J17: 0.051404346 | L17: 12 | M17: Game | N17: 161 | O17: 0.02811245 | P17: 0.98170732 | Q17: 0.090909091 | R17: 0 | S17: 0.040909091 | T17: -0.05 | V17: 12 | W17: Audio | X17: 175 | Y17: 0.02433936 | Z17: 0.8974359 | AA17: 0.054054054 | AB17: 0.16216216 | AC17: -0.1015015 | AD17: 0.095495495 | AF17: 12 | AG17: Game | AH17: 160 | AI17: 0.022883295 | AJ17: 1.3675214 | AK17: 0.20408163 | AL17: 0.040816327 | AM17: -0.21258503 | AN17: -0.06335034
... B19: 14 | C19: Connected Exp. | D19: 65 | E19: 0.012409317 | F19: 0.94202899 | G19: 0.058823529 | H19: 0 | I19: -0.084033613 | J19: -0.28571429 | L19: 14 | M19: Connected Exp. | N19: 69 | O19: 0.012048193 | P19: 0.68316832 | Q19: 0.14285714 | R19: 0.28571429 | S19: 0.14285714 | T19: 0.077380952 | V19: 14 | W19: Connected Exp. | X19: 101 | Y19: 0.014047288 | Z19: 1.4637681 | AA19: 0 | AB19: 0.20833333 | AC19: 0 | AD19: 0.20833333 | AF19: 14 | AG19: Connected Exp. | AH19: 69 | AI19: 0.0098684211 | AJ19: 1.1311475 | AK19: 0 | AL19: 0 | AM19: -0.26 | AN19: -0.42
B21: Rank | C21: Base/+ | D21: -1D | L21: Rank | M21: Base/+ | N21: -2D | V21: Rank | W21: Base/+ | X21: -3D | AF21: Rank | AG21: Base/+ | AH21: -4D
D22: 버즈량 (%) | G22: Sentiment | N22: 버즈량 (%) | Q22: Sentiment | X22: 버즈량 (%) | AA22: Sentiment | AH22: 버즈량 (%) | AK22: Sentiment
F23: 전일比 | I23: 전일比 | P23: 전일比 | S23: 전일比 | Z23: 전일比 | AC23: 전일比 | AJ23: 전일比 | AM23: 전일比
G24: 긍정 | H24: 부정 | I24: 긍정 | J24: 부정 | Q24: 긍정 | R24: 부정 | S24: 긍정 | T24: 부정 | AA24: 긍정 | AB24: 부정 | AC24: 긍정 | AD24: 부정 | AK24: 긍정 | AL24: 부정 | AM24: 긍정 | AN24: 부정
B25: 1 | C25: AP/Memory | D25: 531 | E25: 0.17806841 | F25: 1.2013575 | G25: 0.2173913 | H25: 0.17391304 | I25: -0.017902813 | J25: 0.0081376424 | L25: 1 | M25: Design | N25: 535 | O25: 0.14722069 | P25: 1.3824289 | Q25: 0.17 | R25: 0.15 | S25: -0.024444444 | T25: -0.11388889 | V25: 1 | W25: AP/Memory | X25: 594 | Y25: 0.19833055 | Z25: 2.1521739 | AA25: 0.22108844 | AB25: 0.18027211 | AC25: 0.052074351 | AD25: -0.0028264827 | AF25: 1 | AG25: Design | AH25: 305 | AI25: 0.15616999 | AJ25: 0.96518987 | AK25: 0.21052632 | AL25: 0.15037594 | AM25: -0.054374346 | AN25: -0.025120749
B26: 2 | C26: Design | D26: 444 | E26: 0.14889336 | F26: 0.82990654 | G26: 0.17073171 | H26: 0.073170732 | I26: 0.00073170732 | J26: -0.076829268 | L26: 2 | M26: Camera | N26: 497 | O26: 0.1367639 | P26: 2.5885417 | Q26: 0.20489297 | R26: 0.15902141 | S26: 0.010448522 | T26: -0.14653415 | V26: 2 | W26: Design | X26: 387 | Y26: 0.12921536 | Z26: 1.2688525 | AA26: 0.19444444 | AB26: 0.26388889 | AC26: -0.016081871 | AD26: 0.11351295 | AF26: 2 | AG26: AP/Memory | AH26: 276 | AI26: 0.14132104 | AJ26: 1.0574713 | AK26: 0.16901408 | AL26: 0.18309859 | AM26: -0.014560795 | AN26: -0.06327822
B27: 3 | C27: Camera | D27: 382 | E27: 0.12810195 | F27: 0.76861167 | G27: 0.2513089 | H27: 0.17801047 | I27: 0.046415934 | J27: 0.018989064 | L27: 3 | M27: AP/Memory | N27: 442 | O27: 0.12162906 | P27: 0.74410774 | Q27: 0.23529412 | R27: 0.1657754 | S27: 0.014205682 | T27: -0.014496708 | V27: 3 | W27: Price | X27: 309 | Y27: 0.10317195 | Z27: 1.7359551 | AA27: 0.13114754 | AB27: 0.25409836 | AC27: 0.055675843 | AD27: 0.10315496 | AF27: 3 | AG27: Display | AH27: 214 | AI27: 0.10957501 | AJ27: 1.1263158 | AK27: 0.25 | AL27: 0.125 | AM27: -0.0071428571 | AN27: -0.023571429
B28: 4 | C28: Price | D28: 342 | E28: 0.11468813 | F28: 0.90957447 | G28: 0.078571429 | H28: 0.23571429 | I28: -0.028571429 | J28: 0 | L28: 4 | M28: Price | N28: 376 | O28: 0.10346725 | P28: 1.2168285 | Q28: 0.10714286 | R28: 0.23571429 | S28: -0.024004684 | T28: -0.018384075 | V28: 4 | W28: Battery | X28: 284 | Y28: 0.094824708 | Z28: 1.6416185 | AA28: 0.23809524 | AB28: 0.31746032 | AC28: 0.042443064 | AD28: 0.056590752 | AF28: 4 | AG28: Camera | AH28: 212 | AI28: 0.10855095 | AJ28: 1.0871795 | AK28: 0.15384615 | AL28: 0.29230769 | AM28: -0.15821058 | AN28: 0.20720131
B29: 5 | C29: AI | D29: 278 | E29: 0.093226023 | F29: 1.0258303 | G29: 0.25287356 | H29: 0.045977011 | I29: -0.036015326 | J29: -0.042911877 | L29: 5 | M29: Durability | N29: 306 | O29: 0.084204733 | P29: 1.154717 | Q29: 0.11340206 | R29: 0.15463918 | S29: 0.01155021 | T29: -0.18795342 | V29: 5 | W29: Durability | X29: 265 | Y29: 0.088480801 | Z29: 3.0113636 | AA29: 0.10185185 | AB29: 0.34259259 | AC29: -0.06957672 | AD29: 0.28544974 | AF29: 5 | AG29: Price | AH29: 178 | AI29: 0.091141833 | AJ29: 0.76068376 | AK29: 0.075471698 | AL29: 0.1509434 | AM29: -0.040966658 | AN29: -0.15727578
B30: 6 | C30: Game | D30: 175 | E30: 0.058685446 | F30: 0.93085106 | G30: 0.35294118 | H30: 0.058823529 | I30: 0.042596349 | J30: -0.027383367 | L30: 6 | M30: AI | N30: 271 | O30: 0.074573473 | P30: 1.794702 | Q30: 0.28888889 | R30: 0.088888889 | S30: 0.032478632 | T30: 0.063247863 | V30: 6 | W30: Display | X30: 263 | Y30: 0.087813022 | Z30: 1.228972 | AA30: 0.21551724 | AB30: 0.14655172 | AC30: -0.034482759 | AD30: 0.021551724 | AF30: 6 | AG30: Battery | AH30: 173 | AI30: 0.088581669 | AJ30: 0.94021739 | AK30: 0.19565217 | AL30: 0.26086957 | AM30: -0.035117057 | AN30: 0.068561873
B31: 7 | C31: Battery | D31: 170 | E31: 0.057008719 | F31: 0.72649573 | G31: 0.3030303 | H31: 0.21212121 | I31: 0.061272061 | J31: 0.014319014 | L31: 7 | M31: Battery | N31: 234 | O31: 0.064391855 | P31: 0.82394366 | Q31: 0.24175824 | R31: 0.1978022 | S31: 0.0036630037 | T31: -0.11965812 | V31: 7 | W31: Camera | X31: 192 | Y31: 0.064106845 | Z31: 0.90566038 | AA31: 0.19444444 | AB31: 0.30555556 | AC31: 0.040598291 | AD31: 0.013247863 | AF31: 7 | AG31: AI | AH31: 140 | AI31: 0.071684588 | AJ31: 1.3084112 | AK31: 0.31578947 | AL31: 0 | AM31: -0.0023923445 | AN31: -0.056818182
B32: 8 | C32: Durability | D32: 154 | E32: 0.051643192 | F32: 0.50326797 | G32: 0.013333333 | H32: 0.13333333 | I32: -0.10006873 | J32: -0.021305842 | L32: 8 | M32: Display | N32: 226 | O32: 0.062190424 | P32: 0.85931559 | Q32: 0.17708333 | R32: 0.11458333 | S32: -0.038433908 | T32: -0.031968391 | V32: 8 | W32: AI | X32: 151 | Y32: 0.050417362 | Z32: 1.0785714 | AA32: 0.25641026 | AB32: 0.025641026 | AC32: -0.059379217 | AD32: 0.025641026 | AF32: 8 | AG32: UI/UX | AH32: 104 | AI32: 0.053251408 | AJ32: 1.1182796 | AK32: 0.36842105 | AL32: 0.26315789 | AM32: 0.11842105 | AN32: 0.13157895
B33: 9 | C33: Display | D33: 143 | E33: 0.047954393 | F33: 0.63274336 | G33: 0.29545455 | H33: 0.11363636 | I33: 0.11837121 | J33: -0.0009469697 | L33: 9 | M33: Audio | N33: 214 | O33: 0.058888277 | P33: 1.9633028 | Q33: 0.29411765 | R33: 0 | S33: 0.16368286 | T33: 0 | V33: 9 | W33: Game | X33: 131 | Y33: 0.043739566 | Z33: 2.1129032 | AA33: 0.32 | AB33: 0.08 | AC33: 0.22 | AD33: -0.02 | AF33: 9 | AG33: Durability | AH33: 88 | AI33: 0.045058884 | AJ33: 0.89795918 | AK33: 0.17142857 | AL33: 0.057142857 | AM33: 0.0086378738 | AN33: -0.210299
B34: 10 | C34: Audio | D34: 125 | E34: 0.041918176 | F34: 0.58411215 | G34: 0.13793103 | H34: 0.13793103 | I34: -0.15618661 | J34: 0.13793103 | L34: 10 | M34: Game | N34: 188 | O34: 0.051733627 | P34: 1.4351145 | Q34: 0.31034483 | R34: 0.086206897 | S34: -0.0096551724 | T34: 0.0062068966 | V34: 10 | W34: UI/UX | X34: 126 | Y34: 0.042070117 | Z34: 1.2115385 | AA34: 0.20454545 | AB34: 0.13636364 | AC34: -0.1638756 | AD34: -0.12679426 | AF34: 10 | AG34: Audio | AH34: 74 | AI34: 0.037890425 | AJ34: 1.0571429 | AK34: 0.25 | AL34: 0.20833333 | AM34: 0 | AN34: 0.041666667
B35: 11 | C35: UI/UX | D35: 96 | E35: 0.032193159 | F35: 0.7804878 | G35: 0.22222222 | H35: 0.22222222 | I35: -0.046070461 | J35: 0.12466125 | L35: 11 | M35: UI/UX | N35: 123 | O35: 0.033847001 | P35: 0.97619048 | Q35: 0.26829268 | R35: 0.097560976 | S35: 0.063747228 | T35: -0.038802661 | V35: 11 | W35: Audio | X35: 109 | Y35: 0.03639399 | Z35: 1.472973 | AA35: 0.13043478 | AB35: 0 | AC35: -0.11956522 | AD35: -0.20833333 | AF35: 11 | AG35: Security | AH35: 63 | AI35: 0.032258065 | AJ35: 0.96923077 | AK35: 0.4375 | AL35: 0 | AM35: -0.010775862 | AN35: -0.034482759
B36: 12 | C36: Security | D36: 81 | E36: 0.027162978 | F36: 0.76415094 | G36: 0.18518519 | H36: 0.14814815 | I36: 0.038126362 | J36: 0.089324619 | L36: 12 | M36: Security | N36: 106 | O36: 0.02916896 | P36: 1.0192308 | Q36: 0.14705882 | R36: 0.058823529 | S36: -0.16873065 | T36: 0.058823529 | V36: 12 | W36: Security | X36: 104 | Y36: 0.034724541 | Z36: 1.6507937 | AA36: 0.31578947 | AB36: 0 | AC36: -0.12171053 | AD36: 0 | AF36: 12 | AG36: Game | AH36: 62 | AI36: 0.031746032 | AJ36: 0.81578947 | AK36: 0.1 | AL36: 0.1 | AM36: -0.4 | AN36: 0.044444444
... B38: 14 | C38: Connected Exp. | D38: 23 | E38: 0.0077129443 | F38: 0.30263158 | G38: 0.6 | H38: 0 | I38: 0.41818182 | J38: 0 | L38: 14 | M38: S-Pen | N38: 40 | O38: 0.011007155 | P38: 1.5384615 | Q38: 0.18181818 | R38: 0.090909091 | S38: 0.18181818 | T38: -0.28409091 | V38: 14 | W38: S-Pen | X38: 26 | Y38: 0.0086811352 | Z38: 0.92857143 | AA38: 0 | AB38: 0.375 | AC38: -0.57142857 | AD38: 0.23214286 | AF38: 14 | AG38: S-Pen | AH38: 28 | AI38: 0.014336918 | AJ38: 1.6470588 | AK38: 0.57142857 | AL38: 0.14285714 | AM38: 0.071428571 | AN38: 0.14285714
B40: Rank | C40: Bud4+Pro | D40: -1D | L40: Rank | M40: Bud4+Pro | N40: -2D | V40: Rank | W40: Bud4+Pro | X40: -3D | AF40: Rank | AG40: Bud4+Pro | AH40: -4D
D41: 버즈량 (%) | G41: Sentiment | N41: 버즈량 (%) | Q41: Sentiment | X41: 버즈량 (%) | AA41: Sentiment | AH41: 버즈량 (%) | AK41: Sentiment
F42: 전일比 | I42: 전일比 | P42: 전일比 | S42: 전일比 | Z42: 전일比 | AC42: 전일比 | AJ42: 전일比 | AM42: 전일比
G43: 긍정 | H43: 부정 | I43: 긍정 | J43: 부정 | Q43: 긍정 | R43: 부정 | S43: 긍정 | T43: 부정 | AA43: 긍정 | AB43: 부정 | AC43: 긍정 | AD43: 부정 | AK43: 긍정 | AL43: 부정 | AM43: 긍정 | AN43: 부정
B44: 1 | C44: Design | D44: 136 | E44: 0.23208191 | F44: 0.37465565 | G44: 0.28571429 | H44: 0.14285714 | I44: -0.0087642419 | J44: -0.028921998 | L44: 1 | M44: Design | N44: 363 | O44: 0.25527426 | P44: 2.8139535 | Q44: 0.29447853 | R44: 0.17177914 | S44: 0.12206473 | T44: 0.068330865 | V44: 1 | W44: Design | X44: 129 | Y44: 0.20283019 | Z44: 1.2524272 | AA44: 0.17241379 | AB44: 0.10344828 | AC44: -0.054858934 | AD44: -0.032915361 | AF44: 1 | AG44: Design | AH44: 103 | AI44: 0.19922631 | AJ44: 0.83064516 | AK44: 0.22727273 | AL44: 0.13636364 | AM44: -0.041383989 | AN44: -0.072591588
B45: 2 | C45: Audio | D45: 95 | E45: 0.16211604 | F45: 0.43181818 | G45: 0.25 | H45: 0.10416667 | I45: -0.057692308 | J45: -0.088141026 | L45: 2 | M45: Audio | N45: 220 | O45: 0.15471167 | P45: 2.6190476 | Q45: 0.30769231 | R45: 0.19230769 | S45: 0.14979757 | T45: -0.070850202 | V45: 2 | W45: Battery | X45: 106 | Y45: 0.16666667 | Z45: 1.1521739 | AA45: 0.23076923 | AB45: 0.30769231 | AC45: 0.016483516 | AD45: 0.16483516 | AF45: 2 | AG45: Battery | AH45: 92 | AI45: 0.17794971 | AJ45: 0.85981308 | AK45: 0.21428571 | AL45: 0.14285714 | AM45: 0.0073891626 | AN45: 0.0049261084
B46: 3 | C46: Battery | D46: 89 | E46: 0.15187713 | F46: 0.43627451 | G46: 0.24242424 | H46: 0.12121212 | I46: 0.14038343 | J46: -0.144094 | L46: 3 | M46: Durability | N46: 213 | O46: 0.14978903 | P46: 3.8035714 | Q46: 0.10465116 | R46: 0.058139535 | S46: 0.049095607 | T46: -0.2751938 | V46: 3 | W46: Price | X46: 104 | Y46: 0.16352201 | Z46: 1.3684211 | AA46: 0.04 | AB46: 0.12 | AC46: -0.14181818 | AD46: 0.074545455 | AF46: 3 | AG46: Audio | AH46: 77 | AI46: 0.14893617 | AJ46: 0.64166667 | AK46: 0.25 | AL46: 0.125 | AM46: -0.21808511 | AN46: -0.13031915
B47: 4 | C47: Durability | D47: 72 | E47: 0.12286689 | F47: 0.33802817 | G47: 0.051282051 | H47: 0.1025641 | I47: -0.053369112 | J47: 0.044424568 | L47: 4 | M47: Battery | N47: 204 | O47: 0.14345992 | P47: 1.9245283 | Q47: 0.10204082 | R47: 0.26530612 | S47: -0.12872841 | T47: -0.042386185 | V47: 4 | W47: Audio | X47: 84 | Y47: 0.13207547 | Z47: 1.0909091 | AA47: 0.15789474 | AB47: 0.26315789 | AC47: -0.092105263 | AD47: 0.13815789 | AF47: 4 | AG47: Price | AH47: 76 | AI47: 0.14700193 | AJ47: 0.7037037 | AK47: 0.18181818 | AL47: 0.045454545 | AM47: -0.1965602 | AN47: -0.17076167
B48: 5 | C48: Performance | D48: 69 | E48: 0.11774744 | F48: 0.8625 | G48: 0.17647059 | H48: 0.11764706 | I48: -0.040920716 | J48: -0.18670077 | L48: 5 | M48: Price | N48: 163 | O48: 0.11462729 | P48: 1.5673077 | Q48: 0.027777778 | R48: 0.25 | S48: -0.012222222 | T48: 0.13 | V48: 5 | W48: Performance | X48: 66 | Y48: 0.10377358 | Z48: 1.6923077 | AA48: 0 | AB48: 0.125 | AC48: 0 | AD48: 0.125 | AF48: 5 | AG48: Durability | AH48: 52 | AI48: 0.10058027 | AJ48: 1 | AK48: 0.13333333 | AL48: 0.13333333 | AM48: -0.66666667 | AN48: -0.066666667
B49: 6 | C49: Price | D49: 45 | E49: 0.076791809 | F49: 0.27607362 | G49: 0.066666667 | H49: 0.13333333 | I49: 0.038888889 | J49: -0.11666667 | L49: 6 | M49: AI | N49: 81 | O49: 0.056962025 | P49: 3.6818182 | Q49: 0.35483871 | R49: 0 | S49: 0.35483871 | T49: 0 | V49: 6 | W49: Durability | X49: 56 | Y49: 0.088050314 | Z49: 1.0769231 | AA49: 0.055555556 | AB49: 0.33333333 | AC49: -0.077777778 | AD49: 0.2 | AF49: 6 | AG49: UI/UX | AH49: 39 | AI49: 0.075435203 | AJ49: 0.90697674 | AK49: 0.66666667 | AL49: 0 | AM49: 0.66666667 | AN49: 0
B50: 7 | C50: AI | D50: 42 | E50: 0.071672355 | F50: 0.51851852 | G50: 0.10526316 | H50: 0.052631579 | I50: -0.24957555 | J50: 0.052631579 | L50: 7 | M50: Performance | N50: 80 | O50: 0.05625879 | P50: 1.2121212 | Q50: 0.2173913 | R50: 0.30434783 | S50: 0.2173913 | T50: 0.17934783 | V50: 7 | W50: UI/UX | X50: 38 | Y50: 0.059748428 | Z50: 0.97435897 | AA50: 0 | AB50: 0.5 | AC50: -0.66666667 | AD50: 0.5 | AF50: 7 | AG50: Performance | AH50: 39 | AI50: 0.075435203 | AJ50: 0.95121951 | AK50: 0 | AL50: 0 | AM50: -0.2 | AN50: -0.4
B51: 8 | C51: Connected Exp. | D51: 21 | E51: 0.035836177 | F51: 0.48837209 | G51: 0.15384615 | H51: 0.23076923 | I51: -0.096153846 | J51: -0.14423077 | L51: 8 | M51: UI/UX | N51: 54 | O51: 0.037974684 | P51: 1.4210526 | Q51: 0.35714286 | R51: 0.14285714 | S51: 0.35714286 | T51: -0.35714286 | V51: 8 | W51: Connected Exp. | X51: 30 | Y51: 0.047169811 | Z51: 1.25 | AA51: 0 | AB51: 0.33333333 | AC51: -0.2 | AD51: -0.066666667 | AF51: 8 | AG51: Connected Exp. | AH51: 24 | AI51: 0.046421663 | AJ51: 0.96 | AK51: 0.2 | AL51: 0.4 | AM51: -0.085714286 | AN51: -0.028571429
B52: 9 | C52: UI/UX | D52: 17 | E52: 0.029010239 | F52: 0.31481481 | G52: 0.11111111 | H52: 0.22222222 | I52: -0.24603175 | J52: 0.079365079 | L52: 9 | M52: Connected Exp. | N52: 43 | O52: 0.0302391 | P52: 1.4333333 | Q52: 0.25 | R52: 0.375 | S52: 0.25 | T52: 0.041666667 | V52: 9 | W52: AI | X52: 22 | Y52: 0.034591195 | Z52: 1.6923077 | AA52: 0 | AB52: 0 | AC52: -0.66666667 | AD52: 0 | AF52: 9 | AG52: AI | AH52: 13 | AI52: 0.025145068 | AJ52: 0.76470588 | AK52: 0.66666667 | AL52: 0 | AM52: 0.26666667 | AN52: 0
B53: 9 | C53: Hearing Health | D53: 0 | E53: 0 | F53: 0 | G53: #DIV/0! | H53: #DIV/0! | I53: #DIV/0! | J53: #DIV/0! | L53: 9 | M53: Hearing Health | N53: 1 | O53: 0.00070323488 | P53: 1 | Q53: 0 | R53: 1 | S53: -1 | T53: 1 | V53: 9 | W53: Hearing Health | X53: 1 | Y53: 0.001572327 | Z53: 0.5 | AA53: 1 | AB53: 0 | AC53: 0.5 | AD53: 0 | AF53: 9 | AG53: Hearing Health | AH53: 2 | AI53: 0.003868472 | AJ53: #DIV/0! | AK53: 0.5 | AL53: 0 | AM53: #N/A | AN53: #N/A

Sheet Total
AF2: Pure AI | AL2: Flip6 | AM2: Foldable(Q7B7)
B3: 구간 | C3: Day | H3: d-day (UNPK) | I3: W-week (UNPK) | J3: UNPK Total | P3: HTR | V3: AI | AI3: Product | BN3: HTR 제외 Product | CB3: 발화자
C4: Q6B6 | D4: Q7B7 | E4: S24 | F4: S25 | G4: S26 | AI4: Q7B7 | AK4: S26 Family | AO4: S26 Ultra | AS4: S26 Base/+ | AW4: S26 Base | BA4: S26 Plus | BE4: Buds4+Pro | BH4: Buds4 Base | BK4: Buds4 Pro | BN4: Q7B7 | BP4: S26 Family | BS4: S26 Ultra | BV4: S26 Base/+ | BY4: Buds4+Pro | CB4: 전작 평균 (S24, S25, Q6B6, Q7B7) | DA4: S26
J5: Q6B6 | K5: Q7B7 | L5: S24 | M5: S25 | N5: S26 | P5: Q6B6 | Q5: Q7B7 | R5: S24 HTR | S5: S25 HTR | T5: S26 HTR | V5: Q7B7 Total AI | Y5: S24 Total AI | AB5: S25 Total AI | AE5: S26 Total AI | AI5: Fold7 | AJ5: Flip7 | AK5: S24 Family | AL5: S25 Family | AM5: S26 Family | AO5: S24 Ultra | AP5: S25 Ultra | AQ5: S26 Ultra | AS5: S24 Base/+ | AT5: S25 Base/+ | AU5: S26 Base/+ | AW5: S24 Base | AX5: S25 Base | AY5: S26 Base | BA5: S24 Plus | BB5: S25 Plus | BC5: S26 Plus | BE5: Buds3 +Pro | BF5: Buds4 +Pro | BH5: Buds3 Base | BI5: Buds4 Base | BK5: Buds3 Pro | BL5: Buds4 Pro | BN5: Fold7 | BO5: Flip7 | BP5: S25 Family | BQ5: S26 Family | BS5: S25 Ultra | BT5: S26 Ultra | BV5: S25 Base/+ | BW5: S26 Base/+ | BY5: Buds3 +Pro | BZ5: Buds4 +Pro | CG5: Q6B6 | CL5: Q7B7 | CQ5: S24 | CV5: S25
O6: 전작 比 | U6: 전작 比 | W6: AI-Comention | X6: Pure AI | Z6: AI-Comention | AA6: Pure AI | AC6: AI-Comention | AD6: Pure AI | AF6: AI-Comention | AG6: Pure AI | AH6: S25 Total AI 比 | AN6: 전작 比 | AR6: 전작 比 | AV6: 전작 比 | AZ6: 전작 比 | BD6: 전작 比 | BG6: 전작 比 | BJ6: 전작 比 | BM6: 전작 比 | BR6: 전작 比 | BU6: 전작 比 | BX6: 전작 比 | CA6: 전작 比 | CB6: Suwon | CC6: Local | CD6: Community | CE6: Media | CF6: Consumer | CG6: Suwon | CH6: Local | CI6: Community | CJ6: Media | CK6: Consumer | CL6: Suwon | CM6: Local | CN6: Community | CO6: Media | CP6: Consumer | CQ6: Suwon | CR6: Local | CS6: Community | CT6: Media | CU6: Consumer | CV6: Suwon | CW6: Local | CX6: Community | CY6: Media | CZ6: Consumer | DA6: Suwon | DB6: Local | DC6: Community | DD6: Media | DE6: Consumer
B7: Pre-Teaser(Non-KPI) | C7: 45441 | D7: 45805 | E7: 45267 | F7: 45638 | G7: 46037 | H7: D-42 | I7: W-6 | J7: 0 | K7: 0 | L7: 5125 | M7: 11328 | N7: 0 | O7: - | P7: 0 | Q7: 0 | S7: 0 | T7: 0 | U7: - | Y7: 1028 | Z7: 418 | AA7: 610 | AB7: 6600 | AC7: 392 | AD7: 6208 | AE7: 0 | AF7: 0 | AG7: 0 | AH7: - | AK7: 4375 | AL7: 5452 | AM7: 0 | AN7: - | AO7: 2466 | AP7: 2756 | AQ7: 0 | AR7: - | AS7: 1909 | AT7: 2674 | AU7: 0 | AV7: - | AW7: 1527 | AX7: 2533 | AY7: 0 | AZ7: - | BA7: 382 | BB7: 141 | BC7: 0 | BD7: - | BE7: 152 | BF7: 0 | BG7: - | BH7: 83 | BI7: 0 | BJ7: - | BK7: 103 | BL7: 0 | BM7: - | BP7: 5452 | BQ7: 0 | BR7: - | BS7: 2756 | BT7: 0 | BU7: - | BV7: 2674 | BW7: 0 | BX7: - | BY7: 152 | BZ7: 0 | CA7: - | CB7: 162 | CC7: 1938 | CD7: 3220 | CE7: 2266 | CF7: 3742 | CV7: 162 | CW7: 1938 | CX7: 3220 | CY7: 2266 | CZ7: 3742 | DA7: 0 | DB7: 0 | DC7: 0 | DD7: 0 | DE7: 0
B8: Pre-Teaser(Non-KPI) | C8: 45442 | D8: 45806 | E8: 45268 | F8: 45639 | G8: 46038 | H8: D-41 | I8: W-6 | J8: 0 | K8: 0 | L8: 4355 | M8: 16596 | N8: 0 | O8: - | P8: 0 | Q8: 0 | S8: 0 | T8: 0 | U8: - | Y8: 1176 | Z8: 470 | AA8: 706 | AB8: 8035 | AC8: 492 | AD8: 7543 | AE8: 0 | AF8: 0 | AG8: 0 | AH8: - | AK8: 3555 | AL8: 4316 | AM8: 0 | AN8: - | AO8: 1797 | AP8: 2434 | AQ8: 0 | AR8: - | AS8: 1758 | AT8: 1867 | AU8: 0 | AV8: - | AW8: 1237 | AX8: 1732 | AY8: 0 | AZ8: - | BA8: 521 | BB8: 135 | BC8: 0 | BD8: - | BE8: 234 | BF8: 0 | BG8: - | BH8: 70 | BI8: 0 | BJ8: - | BK8: 193 | BL8: 0 | BM8: - | BP8: 4316 | BQ8: 0 | BR8: - | BS8: 2434 | BT8: 0 | BU8: - | BV8: 1867 | BW8: 0 | BX8: - | BY8: 234 | BZ8: 0 | CA8: - | CB8: 289 | CC8: 4304 | CD8: 3346 | CE8: 3223 | CF8: 5434 | CV8: 289 | CW8: 4304 | CX8: 3346 | CY8: 3223 | CZ8: 5434 | DA8: 0 | DB8: 0 | DC8: 0 | DD8: 0 | DE8: 0
B9: Pre-Teaser(Non-KPI) | C9: 45443 | D9: 45807 | E9: 45269 | F9: 45640 | G9: 46039 | H9: D-40 | I9: W-6 | J9: 0 | K9: 0 | L9: 3084 | M9: 14456 | N9: 0 | O9: - | P9: 0 | Q9: 0 | S9: 0 | T9: 0 | U9: - | Y9: 803 | Z9: 293 | AA9: 510 | AB9: 8933 | AC9: 222 | AD9: 8711 | AE9: 0 | AF9: 0 | AG9: 0 | AH9: - | AK9: 2504 | AL9: 4266 | AM9: 0 | AN9: - | AO9: 1226 | AP9: 2355 | AQ9: 0 | AR9: - | AS9: 1278 | AT9: 1866 | AU9: 0 | AV9: - | AW9: 988 | AX9: 1775 | AY9: 0 | AZ9: - | BA9: 290 | BB9: 91 | BC9: 0 | BD9: - | BE9: 154 | BF9: 0 | BG9: - | BH9: 56 | BI9: 0 | BJ9: - | BK9: 123 | BL9: 0 | BM9: - | BP9: 4266 | BQ9: 0 | BR9: - | BS9: 2355 | BT9: 0 | BU9: - | BV9: 1866 | BW9: 0 | BX9: - | BY9: 154 | BZ9: 0 | CA9: - | CB9: 1796 | CC9: 4130 | CD9: 2557 | CE9: 1481 | CF9: 4492 | CV9: 1796 | CW9: 4130 | CX9: 2557 | CY9: 1481 | CZ9: 4492 | DA9: 0 | DB9: 0 | DC9: 0 | DD9: 0 | DE9: 0
B10: Pre-Teaser(Non-KPI) | C10: 45444 | D10: 45808 | E10: 45270 | F10: 45641 | G10: 46040 | H10: D-39 | I10: W-6 | J10: 0 | K10: 0 | L10: 3103 | M10: 11406 | N10: 0 | O10: - | P10: 0 | Q10: 0 | S10: 0 | T10: 0 | U10: - | Y10: 579 | Z10: 242 | AA10: 337 | AB10: 6649 | AC10: 480 | AD10: 6169 | AE10: 0 | AF10: 0 | AG10: 0 | AH10: - | AK10: 3117 | AL10: 4152 | AM10: 0 | AN10: - | AO10: 1932 | AP10: 2482 | AQ10: 0 | AR10: - | AS10: 1185 | AT10: 1577 | AU10: 0 | AV10: - | AW10: 870 | AX10: 1408 | AY10: 0 | AZ10: - | BA10: 315 | BB10: 169 | BC10: 0 | BD10: - | BE10: 225 | BF10: 0 | BG10: - | BH10: 44 | BI10: 0 | BJ10: - | BK10: 210 | BL10: 0 | BM10: - | BP10: 4152 | BQ10: 0 | BR10: - | BS10: 2482 | BT10: 0 | BU10: - | BV10: 1577 | BW10: 0 | BX10: - | BY10: 225 | BZ10: 0 | CA10: - | CB10: 1078 | CC10: 2541 | CD10: 2219 | CE10: 1215 | CF10: 4353 | CV10: 1078 | CW10: 2541 | CX10: 2219 | CY10: 1215 | CZ10: 4353 | DA10: 0 | DB10: 0 | DC10: 0 | DD10: 0 | DE10: 0
B11: Pre-Teaser(Non-KPI) | C11: 45445 | D11: 45809 | E11: 45271 | F11: 45642 | G11: 46041 | H11: D-38 | I11: W-6 | J11: 7782 | K11: 23293 | L11: 5403 | M11: 10860 | N11: 0 | O11: - | P11: 0 | Q11: 0 | S11: 0 | T11: 0 | U11: - | Y11: 1180 | Z11: 807 | AA11: 373 | AB11: 11466 | AC11: 889 | AD11: 10577 | AE11: 0 | AF11: 0 | AG11: 0 | AH11: - | AI11: 350 | AJ11: 265 | AK11: 3972 | AL11: 4310 | AM11: 0 | AN11: - | AO11: 1544 | AP11: 2365 | AQ11: 0 | AR11: - | AS11: 2428 | AT11: 1892 | AU11: 0 | AV11: - | AW11: 2098 | AX11: 1768 | AY11: 0 | AZ11: - | BA11: 330 | BB11: 124 | BC11: 0 | BD11: - | BE11: 362 | BF11: 0 | BG11: - | BH11: 85 | BI11: 0 | BJ11: - | BK11: 335 | BL11: 0 | BM11: - | BN11: 350 | BO11: 265 | BP11: 4310 | BQ11: 0 | BR11: - | BS11: 2365 | BT11: 0 | BU11: - | BV11: 1892 | BW11: 0 | BX11: - | BY11: 362 | BZ11: 0 | CA11: - | CB11: 330 | CC11: 3604.5 | CD11: 5582 | CE11: 2182 | CF11: 5378 | CL11: 361 | CM11: 4371 | CN11: 8380 | CO11: 2739 | CP11: 7442 | CV11: 299 | CW11: 2838 | CX11: 2784 | CY11: 1625 | CZ11: 3314 | DA11: 0 | DB11: 0 | DC11: 0 | DD11: 0 | DE11: 0
B12: Pre-Teaser(Non-KPI) | C12: 45446 | D12: 45810 | E12: 45272 | F12: 45643 | G12: 46042 | H12: D-37 | I12: W-6 | J12: 9929 | K12: 33528 | L12: 5145 | M12: 11074 | N12: 0 | O12: - | P12: 0 | Q12: 0 | S12: 0 | T12: 0 | U12: - | Y12: 1355 | Z12: 708 | AA12: 647 | AB12: 6843 | AC12: 785 | AD12: 6058 | AE12: 0 | AF12: 0 | AG12: 0 | AH12: - | AI12: 471 | AJ12: 333 | AK12: 4178 | AL12: 4922 | AM12: 0 | AN12: - | AO12: 1971 | AP12: 2615 | AQ12: 0 | AR12: - | AS12: 2207 | AT12: 2040 | AU12: 0 | AV12: - | AW12: 1886 | AX12: 1795 | AY12: 0 | AZ12: - | BA12: 321 | BB12: 245 | BC12: 0 | BD12: - | BE12: 547 | BF12: 0 | BG12: - | BH12: 66 | BI12: 0 | BJ12: - | BK12: 511 | BL12: 0 | BM12: - | BN12: 471 | BO12: 333 | BP12: 4922 | BQ12: 0 | BR12: - | BS12: 2615 | BT12: 0 | BU12: - | BV12: 2040 | BW12: 0 | BX12: - | BY12: 547 | BZ12: 0 | CA12: - | CB12: 259.5 | CC12: 5869 | CD12: 6641.5 | CE12: 3412 | CF12: 6119 | CL12: 299 | CM12: 9393 | CN12: 10438 | CO12: 4495 | CP12: 8903 | CV12: 220 | CW12: 2345 | CX12: 2845 | CY12: 2329 | CZ12: 3335 | DA12: 0 | DB12: 0 | DC12: 0 | DD12: 0 | DE12: 0
B13: Pre-Teaser(Non-KPI) | C13: 45447 | D13: 45811 | E13: 45273 | F13: 45644 | G13: 46043 | H13: D-36 | I13: W-6 | J13: 11888 | K13: 35017 | L13: 6004 | M13: 14966 | N13: 0 | O13: - | P13: 0 | Q13: 0 | S13: 0 | T13: 0 | U13: - | Y13: 5332 | Z13: 994 | AA13: 4338 | AB13: 9257 | AC13: 1038 | AD13: 8219 | AE13: 0 | AF13: 0 | AG13: 0 | AH13: - | AI13: 982 | AJ13: 547 | AK13: 8331 | AL13: 9028 | AM13: 0 | AN13: - | AO13: 5027 | AP13: 4579 | AQ13: 0 | AR13: - | AS13: 3304 | AT13: 4226 | AU13: 0 | AV13: - | AW13: 2673 | AX13: 2603 | AY13: 0 | AZ13: - | BA13: 631 | BB13: 1623 | BC13: 0 | BD13: - | BE13: 396 | BF13: 0 | BG13: - | BH13: 107 | BI13: 0 | BJ13: - | BK13: 343 | BL13: 0 | BM13: - | BN13: 982 | BO13: 547 | BP13: 9028 | BQ13: 0 | BR13: - | BS13: 4579 | BT13: 0 | BU13: - | BV13: 4226 | BW13: 0 | BX13: - | BY13: 396 | BZ13: 0 | CA13: - | CB13: 251 | CC13: 5210.5 | CD13: 7032 | CE13: 4199.5 | CF13: 8298.5 | CL13: 313 | CM13: 5256 | CN13: 11214 | CO13: 5226 | CP13: 13008 | CV13: 189 | CW13: 5165 | CX13: 2850 | CY13: 3173 | CZ13: 3589 | DA13: 0 | DB13: 0 | DC13: 0 | DD13: 0 | DE13: 0
B14: Pre-Teaser(Non-KPI) | C14: 45448 | D14: 45812 | E14: 45274 | F14: 45645 | G14: 46044 | H14: D-35 | I14: W-5 | J14: 13161 | K14: 35996 | L14: 7880 | M14: 14047 | N14: 0 | O14: - | P14: 0 | Q14: 0 | S14: 0 | T14: 0 | U14: - | Y14: 1669 | Z14: 861 | AA14: 808 | AB14: 9249 | AC14: 542 | AD14: 8707 | AE14: 0 | AF14: 0 | AG14: 0 | AH14: - | AI14: 3549 | AJ14: 1365 | AK14: 6022 | AL14: 6146 | AM14: 0 | AN14: - | AO14: 2816 | AP14: 3435 | AQ14: 0 | AR14: - | AS14: 3206 | AT14: 2576 | AU14: 0 | AV14: - | AW14: 2525 | AX14: 1816 | AY14: 0 | AZ14: - | BA14: 681 | BB14: 760 | BC14: 0 | BD14: - | BE14: 296 | BF14: 0 | BG14: - | BH14: 88 | BI14: 0 | BJ14: - | BK14: 247 | BL14: 0 | BM14: - | BN14: 3549 | BO14: 1365 | BP14: 6146 | BQ14: 0 | BR14: - | BS14: 3435 | BT14: 0 | BU14: - | BV14: 2576 | BW14: 0 | BX14: - | BY14: 296 | BZ14: 0 | CA14: - | CB14: 439 | CC14: 4901 | CD14: 6549 | CE14: 5577 | CF14: 7555.5 | CL14: 734 | CM14: 4620 | CN14: 10475 | CO14: 8648 | CP14: 11519 | CV14: 144 | CW14: 5182 | CX14: 2623 | CY14: 2506 | CZ14: 3592 | DA14: 0 | DB14: 0 | DC14: 0 | DD14: 0 | DE14: 0
B15: Pre-Teaser(Non-KPI) | C15: 45449 | D15: 45813 | E15: 45275 | F15: 45646 | G15: 46045 | H15: D-34 | I15: W-5 | J15: 13287 | K15: 40823 | L15: 9189 | M15: 15404 | N15: 0 | O15: - | P15: 0 | Q15: 0 | S15: 0 | T15: 0 | U15: - | Y15: 2175 | Z15: 1593 | AA15: 582 | AB15: 12561 | AC15: 594 | AD15: 11967 | AE15: 0 | AF15: 0 | AG15: 0 | AH15: - | AI15: 2041 | AJ15: 898 | AK15: 4370 | AL15: 5479 | AM15: 0 | AN15: - | AO15: 1682 | AP15: 2859 | AQ15: 0 | AR15: - | AS15: 2688 | AT15: 2374 | AU15: 0 | AV15: - | AW15: 2190 | AX15: 1501 | AY15: 0 | AZ15: - | BA15: 498 | BB15: 873 | BC15: 0 | BD15: - | BE15: 590 | BF15: 0 | BG15: - | BH15: 421 | BI15: 0 | BJ15: - | BK15: 504 | BL15: 0 | BM15: - | BN15: 2041 | BO15: 898 | BP15: 5479 | BQ15: 0 | BR15: - | BS15: 2859 | BT15: 0 | BU15: - | BV15: 2374 | BW15: 0 | BX15: - | BY15: 590 | BZ15: 0 | CA15: - | CB15: 375.5 | CC15: 5692.5 | CD15: 6283.5 | CE15: 5049 | CF15: 10713 | CL15: 587 | CM15: 6093 | CN15: 10499 | CO15: 8031 | CP15: 15613 | CV15: 164 | CW15: 5292 | CX15: 2068 | CY15: 2067 | CZ15: 5813 | DA15: 0 | DB15: 0 | DC15: 0 | DD15: 0 | DE15: 0
B16: Pre-Teaser(Non-KPI) | C16: 45450 | D16: 45814 | E16: 45276 | F16: 45647 | G16: 46046 | H16: D-33 | I16: W-5 | J16: 10489 | K16: 24341 | L16: 5037 | M16: 13925 | N16: 0 | O16: - | P16: 0 | Q16: 0 | S16: 0 | T16: 0 | U16: - | Y16: 1059 | Z16: 659 | AA16: 400 | AB16: 10221 | AC16: 371 | AD16: 9850 | AE16: 0 | AF16: 0 | AG16: 0 | AH16: - | AI16: 1375 | AJ16: 933 | AK16: 3159 | AL16: 4884 | AM16: 0 | AN16: - | AO16: 1271 | AP16: 2720 | AQ16: 0 | AR16: - | AS16: 1888 | AT16: 1531 | AU16: 0 | AV16: - | AW16: 1471 | AX16: 1148 | AY16: 0 | AZ16: - | BA16: 417 | BB16: 383 | BC16: 0 | BD16: - | BE16: 723 | BF16: 0 | BG16: - | BH16: 554 | BI16: 0 | BJ16: - | BK16: 617 | BL16: 0 | BM16: - | BN16: 1375 | BO16: 933 | BP16: 4884 | BQ16: 0 | BR16: - | BS16: 2720 | BT16: 0 | BU16: - | BV16: 1531 | BW16: 0 | BX16: - | BY16: 723 | BZ16: 0 | CA16: - | CB16: 340 | CC16: 4355.5 | CD16: 4159 | CE16: 3345 | CF16: 6933.5 | CL16: 416 | CM16: 4602 | CN16: 6274 | CO16: 5081 | CP16: 7968 | CV16: 264 | CW16: 4109 | CX16: 2044 | CY16: 1609 | CZ16: 5899 | DA16: 0 | DB16: 0 | DC16: 0 | DD16: 0 | DE16: 0
B17: Pre-Teaser(Non-KPI) | C17: 45451 | D17: 45815 | E17: 45277 | F17: 45648 | G17: 46047 | H17: D-32 | I17: W-5 | J17: 8918 | K17: 19431 | L17: 3092 | M17: 9367 | N17: 0 | O17: - | P17: 0 | Q17: 0 | S17: 0 | T17: 0 | U17: - | Y17: 713 | Z17: 312 | AA17: 401 | AB17: 5716 | AC17: 235 | AD17: 5481 | AE17: 0 | AF17: 0 | AG17: 0 | AH17: - | AI17: 915 | AJ17: 605 | AK17: 2378 | AL17: 3442 | AM17: 0 | AN17: - | AO17: 1032 | AP17: 1680 | AQ17: 0 | AR17: - | AS17: 1346 | AT17: 1111 | AU17: 0 | AV17: - | AW17: 1080 | AX17: 866 | AY17: 0 | AZ17: - | BA17: 266 | BB17: 245 | BC17: 0 | BD17: - | BE17: 347 | BF17: 0 | BG17: - | BH17: 254 | BI17: 0 | BJ17: - | BK17: 247 | BL17: 0 | BM17: - | BN17: 915 | BO17: 605 | BP17: 3442 | BQ17: 0 | BR17: - | BS17: 1680 | BT17: 0 | BU17: - | BV17: 1111 | BW17: 0 | BX17: - | BY17: 347 | BZ17: 0 | CA17: - | CB17: 214 | CC17: 3635 | CD17: 2901 | CE17: 1981 | CF17: 5668 | CL17: 277 | CM17: 3447 | CN17: 4217 | CO17: 3113 | CP17: 8377 | CV17: 151 | CW17: 3823 | CX17: 1585 | CY17: 849 | CZ17: 2959 | DA17: 0 | DB17: 0 | DC17: 0 | DD17: 0 | DE17: 0
B18: Pre-Teaser(Non-KPI) | C18: 45452 | D18: 45816 | E18: 45278 | F18: 45649 | G18: 46048 | H18: D-31 | I18: W-5 | J18: 9825 | K18: 18941 | L18: 5896 | M18: 8871 | N18: 0 | O18: - | P18: 0 | Q18: 0 | S18: 0 | T18: 0 | U18: - | Y18: 1301 | Z18: 797 | AA18: 504 | AB18: 8700 | AC18: 360 | AD18: 8340 | AE18: 0 | AF18: 0 | AG18: 0 | AH18: - | AI18: 1306 | AJ18: 411 | AK18: 4862 | AL18: 3765 | AM18: 0 | AN18: - | AO18: 2584 | AP18: 1846 | AQ18: 0 | AR18: - | AS18: 2278 | AT18: 1331 | AU18: 0 | AV18: - | AW18: 1530 | AX18: 1170 | AY18: 0 | AZ18: - | BA18: 748 | BB18: 161 | BC18: 0 | BD18: - | BE18: 240 | BF18: 0 | BG18: - | BH18: 161 | BI18: 0 | BJ18: - | BK18: 159 | BL18: 0 | BM18: - | BN18: 1306 | BO18: 411 | BP18: 3765 | BQ18: 0 | BR18: - | BS18: 1846 | BT18: 0 | BU18: - | BV18: 1331 | BW18: 0 | BX18: - | BY18: 240 | BZ18: 0 | CA18: - | CB18: 224.5 | CC18: 3054.5 | CD18: 3008 | CE18: 1939 | CF18: 5680 | CL18: 309 | CM18: 3172 | CN18: 4042 | CO18: 2581 | CP18: 8837 | CV18: 140 | CW18: 2937 | CX18: 1974 | CY18: 1297 | CZ18: 2523 | DA18: 0 | DB18: 0 | DC18: 0 | DD18: 0 | DE18: 0
B19: Pre-Teaser(Non-KPI) | C19: 45453 | D19: 45817 | E19: 45279 | F19: 45650 | G19: 46049 | H19: D-30 | I19: W-5 | J19: 7276 | K19: 23531 | L19: 5919 | M19: 8919 | N19: 0 | O19: - | P19: 0 | Q19: 0 | S19: 0 | T19: 0 | U19: - | V19: 3361 | W19: 120 | X19: 3241 | Y19: 1570 | Z19: 927 | AA19: 643 | AB19: 5544 | AC19: 391 | AD19: 5153 | AE19: 0 | AF19: 0 | AG19: 0 | AH19: - | AI19: 1092 | AJ19: 556 | AK19: 5526 | AL19: 4800 | AM19: 0 | AN19: - | AO19: 2953 | AP19: 2004 | AQ19: 0 | AR19: - | AS19: 2573 | AT19: 1829 | AU19: 0 | AV19: - | AW19: 1946 | AX19: 1649 | AY19: 0 | AZ19: - | BA19: 627 | BB19: 180 | BC19: 0 | BD19: - | BE19: 1116 | BF19: 0 | BG19: - | BH19: 1008 | BI19: 0 | BJ19: - | BK19: 1017 | BL19: 0 | BM19: - | BN19: 1092 | BO19: 556 | BP19: 4800 | BQ19: 0 | BR19: - | BS19: 2004 | BT19: 0 | BU19: - | BV19: 1829 | BW19: 0 | BX19: - | BY19: 1116 | BZ19: 0 | CA19: - | CB19: 164.5 | CC19: 3040.5 | CD19: 3517.5 | CE19: 2786.5 | CF19: 6716 | CL19: 217 | CM19: 2224 | CN19: 5576 | CO19: 4393 | CP19: 11121 | CV19: 112 | CW19: 3857 | CX19: 1459 | CY19: 1180 | CZ19: 2311 | DA19: 0 | DB19: 0 | DC19: 0 | DD19: 0 | DE19: 0
B20: Pre-Teaser | C20: 45454 | D20: 45818 | E20: 45280 | F20: 45651 | G20: 46050 | H20: D-29 | I20: W-4 | J20: 24438 | K20: 32658 | L20: 5246 | M20: 9308 | N20: 35204 | O20: - | P20: 0 | Q20: 0 | S20: 0 | T20: 0 | U20: - | V20: 5383 | W20: 194 | X20: 5189 | Y20: 1377 | Z20: 809 | AA20: 568 | AB20: 3825 | AC20: 410 | AD20: 3415 | AE20: 4053 | AF20: 365 | AG20: 3688 | AH20: - | AI20: 1705 | AJ20: 699 | AK20: 4363 | AL20: 3797 | AM20: 12123 | AN20: - | AO20: 2097 | AP20: 1736 | AQ20: 6004 | AR20: - | AS20: 2266 | AT20: 1571 | AU20: 6119 | AV20: - | AW20: 1838 | AX20: 1399 | AY20: 5997 | AZ20: - | BA20: 428 | BB20: 203 | BC20: 122 | BD20: - | BE20: 1674 | BF20: 188 | BG20: - | BH20: 919 | BI20: 125 | BJ20: - | BK20: 1394 | BL20: 126 | BM20: - | BN20: 1705 | BO20: 699 | BP20: 3797 | BQ20: 12123 | BR20: x0.2 | BS20: 1736 | BT20: 6004 | BU20: x0.2 | BV20: 1571 | BW20: 6119 | BX20: x0.2 | BY20: 1674 | BZ20: 188 | CA20: x0.0 | CB20: 276.25 | CC20: 2379.25 | CD20: 2630.75 | CE20: 2327 | CF20: 10299.25 | CG20: 248 | CH20: 1901 | CI20: 3411 | CJ20: 3165 | CK20: 15713 | CL20: 332 | CM20: 2540 | CN20: 4558 | CO20: 4230 | CP20: 20998 | CQ20: 469 | CR20: 510 | CS20: 1105 | CT20: 1061 | CU20: 2101 | CV20: 56 | CW20: 4566 | CX20: 1449 | CY20: 852 | CZ20: 2385 | DA20: 6090 | DB20: 14631 | DC20: 1965 | DD20: 3035 | DE20: 9483
B21: Pre-Teaser | C21: 45455 | D21: 45819 | E21: 45281 | F21: 45652 | G21: 46051 | H21: D-28 | I21: W-4 | J21: 20045 | K21: 29575 | L21: 10199 | M21: 10560 | N21: 31716 | O21: - | P21: 0 | Q21: 0 | S21: 0 | T21: 0 | U21: - | V21: 4870 | W21: 395 | X21: 4475 | Y21: 2095 | Z21: 1230 | AA21: 865 | AB21: 6515 | AC21: 616 | AD21: 5899 | AE21: 3884 | AF21: 1029 | AG21: 2855 | AH21: - | AI21: 2715 | AJ21: 463 | AK21: 10325 | AL21: 5113 | AM21: 12683 | AN21: - | AO21: 4284 | AP21: 2401 | AQ21: 7058 | AR21: - | AS21: 6041 | AT21: 1924 | AU21: 5625 | AV21: - | AW21: 3412 | AX21: 1834 | AY21: 5456 | AZ21: - | BA21: 2629 | BB21: 131 | BC21: 169 | BD21: - | BE21: 765 | BF21: 639 | BG21: - | BH21: 575 | BI21: 559 | BJ21: - | BK21: 952 | BL21: 347 | BM21: - | BN21: 2715 | BO21: 463 | BP21: 5113 | BQ21: 12683 | BR21: x0.3 | BS21: 2401 | BT21: 7058 | BU21: x0.3 | BV21: 1924 | BW21: 5625 | BX21: x0.4 | BY21: 765 | BZ21: 639 | CA21: x0.1 | CB21: 1233.75 | CC21: 4452.25 | CD21: 3537.5 | CE21: 3441 | CF21: 4930.25 | CG21: 259 | CH21: 9205 | CI21: 4017 | CJ21: 4513 | CK21: 2051 | CL21: 700 | CM21: 3380 | CN21: 6950 | CO21: 6041 | CP21: 12504 | CQ21: 3843 | CR21: 586 | CS21: 1454 | CT21: 1627 | CU21: 2689 | CV21: 133 | CW21: 4638 | CX21: 1729 | CY21: 1583 | CZ21: 2477 | DA21: 1638 | DB21: 16326 | DC21: 2681 | DD21: 3601 | DE21: 7470
B22: Pre-Teaser | C22: 45456 | D22: 45820 | E22: 45282 | F22: 45653 | G22: 46052 | H22: D-27 | I22: W-4 | J22: 10834 | K22: 34768 | L22: 8454 | M22: 10772 | N22: 25881 | O22: - | P22: 0 | Q22: 0 | S22: 0 | T22: 0 | U22: - | V22: 5268 | W22: 567 | X22: 4701 | Y22: 1609 | Z22: 903 | AA22: 706 | AB22: 6033 | AC22: 906 | AD22: 5127 | AE22: 2310 | AF22: 539 | AG22: 1771 | AH22: - | AI22: 3134 | AJ22: 661 | AK22: 7539 | AL22: 7254 | AM22: 6451 | AN22: - | AO22: 3565 | AP22: 3714 | AQ22: 3581 | AR22: - | AS22: 3974 | AT22: 2538 | AU22: 2870 | AV22: - | AW22: 1814 | AX22: 2449 | AY22: 2704 | AZ22: - | BA22: 2160 | BB22: 168 | BC22: 166 | BD22: - | BE22: 1659 | BF22: 869 | BG22: - | BH22: 1197 | BI22: 799 | BJ22: - | BK22: 1419 | BL22: 343 | BM22: - | BN22: 3134 | BO22: 661 | BP22: 7254 | BQ22: 6451 | BR22: x0.4 | BS22: 3714 | BT22: 3581 | BU22: x0.4 | BV22: 2538 | BW22: 2870 | BX22: x0.4 | BY22: 1659 | BZ22: 869 | CA22: x0.2 | CB22: 887.5 | CC22: 2536.5 | CD22: 3446.25 | CE22: 3637.75 | CF22: 5699 | CG22: 183 | CH22: 1688 | CI22: 2647 | CJ22: 3619 | CK22: 2697 | CL22: 516 | CM22: 5096 | CN22: 7983 | CO22: 7028 | CP22: 14145 | CQ22: 2676 | CR22: 553 | CS22: 1031 | CT22: 1554 | CU22: 2640 | CV22: 175 | CW22: 2809 | CX22: 2124 | CY22: 2350 | CZ22: 3314 | DA22: 474 | DB22: 16960 | DC22: 2111 | DD22: 2552 | DE22: 3784
B23: Pre-Teaser | C23: 45457 | D23: 45821 | E23: 45283 | F23: 45654 | G23: 46053 | H23: D-26 | I23: W-4 | J23: 9792 | K23: 30097 | L23: 5180 | M23: 8775 | N23: 24467 | O23: - | P23: 0 | Q23: 0 | S23: 0 | T23: 0 | U23: - | V23: 3912 | W23: 393 | X23: 3519 | Y23: 765 | Z23: 389 | AA23: 376 | AB23: 4539 | AC23: 530 | AD23: 4009 | AE23: 1765 | AF23: 494 | AG23: 1271 | AH23: - | AI23: 3304 | AJ23: 548 | AK23: 5405 | AL23: 6284 | AM23: 5716 | AN23: - | AO23: 2141 | AP23: 3647 | AQ23: 3764 | AR23: - | AS23: 3264 | AT23: 2043 | AU23: 1952 | AV23: - | AW23: 2460 | AX23: 1825 | AY23: 1561 | AZ23: - | BA23: 804 | BB23: 244 | BC23: 391 | BD23: - | BE23: 873 | BF23: 422 | BG23: - | BH23: 569 | BI23: 363 | BJ23: - | BK23: 921 | BL23: 191 | BM23: - | BN23: 3304 | BO23: 548 | BP23: 6284 | BQ23: 5716 | BR23: x0.4 | BS23: 3647 | BT23: 3764 | BU23: x0.4 | BV23: 2043 | BW23: 1952 | BX23: x0.5 | BY23: 873 | BZ23: 422 | CA23: x0.2 | CB23: 215.25 | CC23: 2282.75 | CD23: 3337.75 | CE23: 2633.5 | CF23: 4991.75 | CG23: 259 | CH23: 1541 | CI23: 2479 | CJ23: 3059 | CK23: 2454 | CL23: 272 | CM23: 4951 | CN23: 7778 | CO23: 5108 | CP23: 11988 | CQ23: 192 | CR23: 421 | CS23: 1008 | CT23: 895 | CU23: 2664 | CV23: 138 | CW23: 2218 | CX23: 2086 | CY23: 1472 | CZ23: 2861 | DA23: 197 | DB23: 16783 | DC23: 1940 | DD23: 1917 | DE23: 3630
B24: Pre-Teaser | C24: 45458 | D24: 45822 | E24: 45284 | F24: 45655 | G24: 46054 | H24: D-25 | I24: W-4 | J24: 10068 | K24: 27860 | L24: 4389 | M24: 9166 | N24: 20042 | O24: - | P24: 0 | Q24: 0 | S24: 0 | T24: 0 | U24: - | V24: 3339 | W24: 246 | X24: 3093 | Y24: 617 | Z24: 333 | AA24: 284 | AB24: 4744 | AC24: 396 | AD24: 4348 | AE24: 1444 | AF24: 344 | AG24: 1100 | AH24: - | AI24: 3961 | AJ24: 436 | AK24: 4370 | AL24: 5601 | AM24: 4865 | AN24: - | AO24: 2160 | AP24: 2995 | AQ24: 3557 | AR24: - | AS24: 2210 | AT24: 2232 | AU24: 1308 | AV24: - | AW24: 1437 | AX24: 2078 | AY24: 1191 | AZ24: - | BA24: 773 | BB24: 174 | BC24: 117 | BD24: - | BE24: 582 | BF24: 263 | BG24: - | BH24: 393 | BI24: 158 | BJ24: - | BK24: 641 | BL24: 180 | BM24: - | BN24: 3961 | BO24: 436 | BP24: 5601 | BQ24: 4865 | BR24: x0.4 | BS24: 2995 | BT24: 3557 | BU24: x0.5 | BV24: 2232 | BW24: 1308 | BX24: x0.5 | BY24: 582 | BZ24: 263 | CA24: x0.2 | CB24: 168.5 | CC24: 2360.75 | CD24: 3674.75 | CE24: 1737.25 | CF24: 4929.5 | CG24: 182 | CH24: 2018 | CI24: 2478 | CJ24: 2253 | CK24: 3137 | CL24: 231 | CM24: 4646 | CN24: 9032 | CO24: 2538 | CP24: 11413 | CQ24: 89 | CR24: 480 | CS24: 995 | CT24: 741 | CU24: 2084 | CV24: 172 | CW24: 2299 | CX24: 2194 | CY24: 1417 | CZ24: 3084 | DA24: 1500 | DB24: 11555 | DC24: 2431 | DD24: 1625 | DE24: 2931
B25: Pre-Teaser | C25: 45459 | D25: 45823 | E25: 45285 | F25: 45656 | G25: 46055 | H25: D-24 | I25: W-4 | J25: 6673 | K25: 20694 | L25: 6349 | M25: 9684 | N25: 16050 | O25: - | P25: 0 | Q25: 0 | S25: 0 | T25: 0 | U25: - | V25: 2399 | W25: 141 | X25: 2258 | Y25: 790 | Z25: 392 | AA25: 398 | AB25: 5004 | AC25: 414 | AD25: 4590 | AE25: 2218 | AF25: 446 | AG25: 1772 | AH25: - | AI25: 2260 | AJ25: 600 | AK25: 5320 | AL25: 5864 | AM25: 5249 | AN25: - | AO25: 2559 | AP25: 3608 | AQ25: 3969 | AR25: - | AS25: 2761 | AT25: 1746 | AU25: 1280 | AV25: - | AW25: 1414 | AX25: 1644 | AY25: 1120 | AZ25: - | BA25: 1347 | BB25: 144 | BC25: 160 | BD25: - | BE25: 491 | BF25: 244 | BG25: - | BH25: 319 | BI25: 173 | BJ25: - | BK25: 567 | BL25: 129 | BM25: - | BN25: 2260 | BO25: 600 | BP25: 5864 | BQ25: 5249 | BR25: x0.5 | BS25: 3608 | BT25: 3969 | BU25: x0.5 | BV25: 1746 | BW25: 1280 | BX25: x0.5 | BY25: 491 | BZ25: 244 | CA25: x0.2 | CB25: 233.5 | CC25: 1694.25 | CD25: 2937.75 | CE25: 1580.5 | CF25: 4404 | CG25: 303 | CH25: 1288 | CI25: 2037 | CJ25: 1403 | CK25: 1642 | CL25: 217 | CM25: 2471 | CN25: 5930 | CO25: 2041 | CP25: 10035 | CQ25: 161 | CR25: 1241 | CS25: 1434 | CT25: 1023 | CU25: 2490 | CV25: 253 | CW25: 1777 | CX25: 2350 | CY25: 1855 | CZ25: 3449 | DA25: 626 | DB25: 7547 | DC25: 2212 | DD25: 2525 | DE25: 3140
B26: Pre-Teaser | C26: 45460 | D26: 45824 | E26: 45286 | F26: 45657 | G26: 46056 | H26: D-23 | I26: W-4 | J26: 8796 | K26: 27060 | L26: 5853 | M26: 9841 | N26: 17811 | O26: - | P26: 0 | Q26: 0 | S26: 0 | T26: 0 | U26: - | V26: 2761 | W26: 267 | X26: 2494 | Y26: 782 | Z26: 420 | AA26: 362 | AB26: 5185 | AC26: 1201 | AD26: 3984 | AE26: 3286 | AF26: 408 | AG26: 2878 | AH26: - | AI26: 1573 | AJ26: 650 | AK26: 3946 | AL26: 6193 | AM26: 5872 | AN26: - | AO26: 1795 | AP26: 3294 | AQ26: 3581 | AR26: - | AS26: 2151 | AT26: 2379 | AU26: 2291 | AV26: - | AW26: 1500 | AX26: 2273 | AY26: 2173 | AZ26: - | BA26: 651 | BB26: 145 | BC26: 118 | BD26: - | BE26: 585 | BF26: 283 | BG26: - | BH26: 467 | BI26: 219 | BJ26: - | BK26: 665 | BL26: 169 | BM26: - | BN26: 1573 | BO26: 650 | BP26: 6193 | BQ26: 5872 | BR26: x0.5 | BS26: 3294 | BT26: 3581 | BU26: x0.6 | BV26: 2379 | BW26: 2291 | BX26: x0.5 | BY26: 585 | BZ26: 283 | CA26: x0.2 | CB26: 218.25 | CC26: 1944.5 | CD26: 3713.25 | CE26: 2383.5 | CF26: 4628 | CG26: 277 | CH26: 1035 | CI26: 2550 | CJ26: 2549 | CK26: 2385 | CL26: 270 | CM26: 3648 | CN26: 8903 | CO26: 4068 | CP26: 10171 | CQ26: 110 | CR26: 1120 | CS26: 1234 | CT26: 937 | CU26: 2452 | CV26: 216 | CW26: 1975 | CX26: 2166 | CY26: 1980 | CZ26: 3504 | DA26: 163 | DB26: 7968 | DC26: 3774 | DD26: 2736 | DE26: 3170
B27: Pre-Teaser | C27: 45461 | D27: 45825 | E27: 45287 | F27: 45658 | G27: 46057 | H27: D-22 | I27: W-4 | J27: 10721 | K27: 58265 | L27: 5865 | M27: 10929 | N27: 39229 | O27: - | P27: 0 | Q27: 28577 | S27: 0 | T27: 0 | U27: - | V27: 3249 | W27: 413 | X27: 2836 | Y27: 1119 | Z27: 573 | AA27: 546 | AB27: 3953 | AC27: 715 | AD27: 3238 | AE27: 8058 | AF27: 590 | AG27: 7468 | AH27: - | AI27: 1075 | AJ27: 844 | AK27: 5277 | AL27: 4811 | AM27: 5800 | AN27: - | AO27: 2418 | AP27: 2307 | AQ27: 3342 | AR27: - | AS27: 2859 | AT27: 2233 | AU27: 2458 | AV27: - | AW27: 1704 | AX27: 2025 | AY27: 2367 | AZ27: - | BA27: 1155 | BB27: 241 | BC27: 91 | BD27: - | BE27: 714 | BF27: 1057 | BG27: - | BH27: 535 | BI27: 973 | BJ27: - | BK27: 1761 | BL27: 728 | BM27: - | BN27: 1075 | BO27: 844 | BP27: 4811 | BQ27: 5800 | BR27: x0.5 | BS27: 2307 | BT27: 3342 | BU27: x0.6 | BV27: 2233 | BW27: 2458 | BX27: x0.5 | BY27: 714 | BZ27: 1057 | CA27: x0.3 | CB27: 7743 | CC27: 1563.5 | CD27: 3997.25 | CE27: 2919.5 | CF27: 5221.75 | CG27: 176 | CH27: 1029 | CI27: 2690 | CJ27: 2985 | CK27: 3841 | CL27: 30442 | CM27: 3235 | CN27: 9139 | CO27: 5205 | CP27: 10244 | CQ27: 100 | CR27: 531 | CS27: 1304 | CT27: 1403 | CU27: 2527 | CV27: 254 | CW27: 1459 | CX27: 2856 | CY27: 2085 | CZ27: 4275 | DA27: 1423 | DB27: 27834 | DC27: 1964 | DD27: 2592 | DE27: 5416
B28: Pre-Teaser | C28: 45462 | D28: 45826 | E28: 45288 | F28: 45659 | G28: 46058 | H28: D-21 | I28: W-3 | J28: 17769 | K28: 73582 | L28: 6128 | M28: 13502 | N28: 74425 | O28: - | P28: 0 | Q28: 46503 | S28: 0 | T28: 0 | U28: - | V28: 5594 | W28: 332 | X28: 5262 | Y28: 1224 | Z28: 680 | AA28: 544 | AB28: 4458 | AC28: 754 | AD28: 3704 | AE28: 4503 | AF28: 589 | AG28: 3914 | AH28: - | AI28: 1095 | AJ28: 613 | AK28: 5857 | AL28: 6383 | AM28: 5026 | AN28: - | AO28: 2574 | AP28: 2625 | AQ28: 3137 | AR28: - | AS28: 3283 | AT28: 3533 | AU28: 1889 | AV28: - | AW28: 1934 | AX28: 3418 | AY28: 1784 | AZ28: - | BA28: 1349 | BB28: 187 | BC28: 105 | BD28: - | BE28: 1067 | BF28: 362 | BG28: - | BH28: 1334 | BI28: 308 | BJ28: - | BK28: 1673 | BL28: 196 | BM28: - | BN28: 1094 | BO28: 613 | BP28: 6383 | BQ28: 5026 | BR28: x0.5 | BS28: 2625 | BT28: 3137 | BU28: x0.6 | BV28: 3533 | BW28: 1889 | BX28: x0.5 | BY28: 1067 | BZ28: 362 | CA28: x0.3 | CB28: 12439 | CC28: 3799.5 | CD28: 3771 | CE28: 3111.25 | CF28: 4624.5 | CG28: 413 | CH28: 7202 | CI28: 3825 | CJ28: 3700 | CK28: 2629 | CL28: 48480 | CM28: 5653 | CN28: 6733 | CO28: 4371 | CP28: 8345 | CQ28: 110 | CR28: 510 | CS28: 1304 | CT28: 1416 | CU28: 2788 | CV28: 753 | CW28: 1833 | CX28: 3222 | CY28: 2958 | CZ28: 4736 | DA28: 678 | DB28: 64995 | DC28: 1475 | DD28: 2973 | DE28: 4304
B29: Pre-Teaser | C29: 45463 | D29: 45827 | E29: 45289 | F29: 45660 | G29: 46059 | H29: D-20 | I29: W-3 | J29: 7881 | K29: 67852 | L29: 7637 | M29: 12970 | N29: 0 | O29: - | P29: 0 | Q29: 37921 | S29: 0 | T29: 0 | U29: - | V29: 7191 | W29: 446 | X29: 6745 | Y29: 1107 | Z29: 553 | AA29: 554 | AB29: 4180 | AC29: 760 | AD29: 3420 | AE29: 0 | AF29: 0 | AG29: 0 | AH29: - | AI29: 2172 | AJ29: 1334 | AK29: 7012 | AL29: 7871 | AM29: 0 | AN29: - | AO29: 3222 | AP29: 2417 | AQ29: 0 | AR29: - | AS29: 3790 | AT29: 5213 | AU29: 0 | AV29: - | AW29: 1873 | AX29: 5012 | AY29: 0 | AZ29: - | BA29: 1917 | BB29: 267 | BC29: 0 | BD29: - | BE29: 840 | BF29: 0 | BG29: - | BH29: 902 | BI29: 0 | BJ29: - | BK29: 991 | BL29: 0 | BM29: - | BN29: 2172 | BO29: 1334 | BP29: 7871 | BQ29: 0 | BR29: - | BS29: 2417 | BT29: 0 | BU29: - | BV29: 5213 | BW29: 0 | BX29: - | BY29: 840 | BZ29: 0 | CA29: - | CB29: 7717.5 | CC29: 6234.5 | CD29: 3078 | CE29: 2630.25 | CF29: 4424.75 | CG29: 296 | CH29: 1985 | CI29: 1324 | CJ29: 1598 | CK29: 2678 | CL29: 29288 | CM29: 20904 | CN29: 5998 | CO29: 4280 | CP29: 7382 | CQ29: 114 | CR29: 661 | CS29: 1651 | CT29: 1794 | CU29: 3417 | CV29: 1172 | CW29: 1388 | CX29: 3339 | CY29: 2849 | CZ29: 4222 | DA29: 0 | DB29: 0 | DC29: 0 | DD29: 0 | DE29: 0
B30: Pre-Teaser | C30: 45464 | D30: 45828 | E30: 45290 | F30: 45661 | G30: 46060 | H30: D-19 | I30: W-3 | J30: 10232 | K30: 61569 | L30: 6745 | M30: 8979 | N30: 0 | O30: - | P30: 0 | Q30: 31558 | S30: 0 | T30: 0 | U30: - | V30: 5171 | W30: 393 | X30: 4778 | Y30: 1188 | Z30: 725 | AA30: 463 | AB30: 3352 | AC30: 651 | AD30: 2701 | AE30: 0 | AF30: 0 | AG30: 0 | AH30: - | AI30: 3543 | AJ30: 1874 | AK30: 6143 | AL30: 5399 | AM30: 0 | AN30: - | AO30: 2463 | AP30: 2702 | AQ30: 0 | AR30: - | AS30: 3680 | AT30: 2134 | AU30: 0 | AV30: - | AW30: 2629 | AX30: 2049 | AY30: 0 | AZ30: - | BA30: 1051 | BB30: 145 | BC30: 0 | BD30: - | BE30: 2829 | BF30: 0 | BG30: - | BH30: 2907 | BI30: 0 | BJ30: - | BK30: 1815 | BL30: 0 | BM30: - | BN30: 3543 | BO30: 1874 | BP30: 5399 | BQ30: 0 | BR30: - | BS30: 2702 | BT30: 0 | BU30: - | BV30: 2134 | BW30: 0 | BX30: - | BY30: 2829 | BZ30: 0 | CA30: - | CB30: 7052.25 | CC30: 5109.75 | CD30: 3214.5 | CE30: 2553.75 | CF30: 3951 | CG30: 242 | CH30: 2516 | CI30: 2490 | CJ30: 2703 | CK30: 2281 | CL30: 27647 | CM30: 16068 | CN30: 6211 | CO30: 4574 | CP30: 7069 | CQ30: 106 | CR30: 601 | CS30: 1836 | CT30: 1330 | CU30: 2872 | CV30: 214 | CW30: 1254 | CX30: 2321 | CY30: 1608 | CZ30: 3582 | DA30: 0 | DB30: 0 | DC30: 0 | DD30: 0 | DE30: 0
B31: Pre-Teaser | C31: 45465 | D31: 45829 | E31: 45291 | F31: 45662 | G31: 46061 | H31: D-18 | I31: W-3 | J31: 7185 | K31: 30924 | L31: 5628 | M31: 8978 | N31: 0 | O31: - | P31: 0 | Q31: 3013 | S31: 0 | T31: 0 | U31: - | V31: 4367 | W31: 147 | X31: 4220 | Y31: 1072 | Z31: 718 | AA31: 354 | AB31: 3235 | AC31: 606 | AD31: 2629 | AE31: 0 | AF31: 0 | AG31: 0 | AH31: - | AI31: 2600 | AJ31: 895 | AK31: 5100 | AL31: 6384 | AM31: 0 | AN31: - | AO31: 2683 | AP31: 3295 | AQ31: 0 | AR31: - | AS31: 2417 | AT31: 2707 | AU31: 0 | AV31: - | AW31: 1080 | AX31: 2554 | AY31: 0 | AZ31: - | BA31: 1337 | BB31: 190 | BC31: 0 | BD31: - | BE31: 1253 | BF31: 0 | BG31: - | BH31: 1244 | BI31: 0 | BJ31: - | BK31: 961 | BL31: 0 | BM31: - | BN31: 2600 | BO31: 895 | BP31: 6384 | BQ31: 0 | BR31: - | BS31: 3295 | BT31: 0 | BU31: - | BV31: 2707 | BW31: 0 | BX31: - | BY31: 1253 | BZ31: 0 | CA31: - | CB31: 1396 | CC31: 3379.75 | CD31: 2754.25 | CE31: 1931.25 | CF31: 3717.5 | CG31: 169 | CH31: 1512 | CI31: 1917 | CJ31: 1391 | CK31: 2196 | CL31: 4789 | CM31: 9630 | CN31: 5691 | CO31: 3744 | CP31: 7070 | CQ31: 93 | CR31: 575 | CS31: 1338 | CT31: 989 | CU31: 2633 | CV31: 533 | CW31: 1802 | CX31: 2071 | CY31: 1601 | CZ31: 2971 | DA31: 0 | DB31: 0 | DC31: 0 | DD31: 0 | DE31: 0
... B90: Sustain | C90: 45524 | D90: 45888 | E90: 45350 | F90: 45721 | G90: 46120 | H90: D+42 | I90: W+6 | J90: 57147 | K90: 70447 | L90: 87779 | M90: 46599 | N90: 0 | O90: - | P90: 1 | Q90: 21 | S90: 82 | T90: 0 | U90: - | V90: 14297 | W90: 5668 | X90: 8752 | Y90: 19815 | Z90: 13343 | AA90: 6472 | AB90: 22050 | AC90: 14467 | AD90: 7583 | AE90: 0 | AF90: 0 | AG90: 0 | AH90: - | AI90: 14339 | AJ90: 12340 | AK90: 36943 | AL90: 35240 | AM90: 0 | AN90: - | AO90: 10264 | AP90: 21859 | AQ90: 0 | AR90: - | AS90: 26679 | AT90: 12297 | AU90: 0 | AV90: - | AW90: 23453 | AX90: 10854 | AY90: 0 | AZ90: - | BA90: 3226 | BB90: 1443 | BC90: 0 | BD90: - | BE90: 6722 | BF90: 0 | BG90: - | BH90: 1803 | BI90: 0 | BJ90: - | BK90: 5532 | BL90: 0 | BM90: - | BN90: 14334 | BO90: 12331 | BP90: 35165 | BQ90: 0 | BR90: - | BS90: 21784 | BT90: 0 | BU90: - | BV90: 12297 | BW90: 0 | BX90: - | BY90: 6722 | BZ90: 0 | CA90: - | CB90: 1482.5 | CC90: 15687.25 | CD90: 12531.75 | CE90: 12272 | CF90: 23519.5 | CG90: 2829 | CH90: 12410 | CI90: 11306 | CJ90: 10307 | CK90: 20295 | CL90: 1016 | CM90: 15312 | CN90: 15367 | CO90: 13378 | CP90: 25374 | CQ90: 1595 | CR90: 17230 | CS90: 15212 | CT90: 17655 | CU90: 36087 | CV90: 490 | CW90: 17797 | CX90: 8242 | CY90: 7748 | CZ90: 12322 | DA90: 0 | DB90: 0 | DC90: 0 | DD90: 0 | DE90: 0
B91: Sustain(Non KPI) | C91: 45525 | D91: 45889 | E91: 45351 | F91: 45722 | G91: 46121 | H91: D+43 | I91: W+7 | J91: 82499 | K91: 89443 | L91: 75675 | M91: 79551 | O91: - | P91: 3 | Q91: 11 | S91: 11 | U91: - | V91: 20509 | W91: 13970 | X91: 6621 | Y91: 11659 | Z91: 6532 | AA91: 5127 | AB91: 25153 | AC91: 8570 | AD91: 16583 | AF91: 0 | AG91: 0 | AH91: - | AI91: 14810 | AJ91: 22506 | AK91: 37319 | AL91: 23855 | AM91: 0 | AN91: - | AO91: 11074 | AP91: 14064 | AQ91: 0 | AR91: - | AS91: 26245 | AT91: 9067 | AU91: 0 | AV91: - | AW91: 23468 | AX91: 7733 | AY91: 0 | AZ91: - | BA91: 2777 | BB91: 1334 | BC91: 0 | BD91: - | BE91: 6026 | BF91: 0 | BG91: - | BH91: 1462 | BI91: 0 | BJ91: - | BK91: 5199 | BL91: 0 | BM91: - | BN91: 14810 | BO91: 22506 | BP91: 23855 | BQ91: 0 | BR91: - | BS91: 14064 | BT91: 0 | BU91: - | BV91: 9067 | BW91: 0 | BX91: - | BY91: 6026 | BZ91: 0 | CA91: - | CB91: 7992 | CC91: 23457.25 | CD91: 13064 | CE91: 11559.75 | CF91: 25719 | CG91: 27360 | CH91: 9529 | CI91: 12373 | CJ91: 11761 | CK91: 21476 | CL91: 1070 | CM91: 23867 | CN91: 13984 | CO91: 12398 | CP91: 38124 | CQ91: 2312 | CR91: 33960 | CS91: 11122 | CT91: 10251 | CU91: 18030 | CV91: 1226 | CW91: 26473 | CX91: 14777 | CY91: 11829 | CZ91: 25246 | DA91: 0 | DB91: 0 | DC91: 0 | DD91: 0 | DE91: 0
B92: Sustain(Non KPI) | C92: 45526 | D92: 45890 | E92: 45352 | F92: 45723 | G92: 46122 | H92: D+44 | I92: W+7 | J92: 69707 | K92: 95105 | L92: 58363 | M92: 74156 | O92: - | P92: 5 | Q92: 15 | S92: 11 | U92: - | V92: 28567 | W92: 18920 | X92: 9725 | Y92: 12435 | Z92: 8375 | AA92: 4060 | AB92: 16914 | AC92: 9802 | AD92: 7112 | AF92: 0 | AG92: 0 | AH92: - | AI92: 13066 | AJ92: 26739 | AK92: 31110 | AL92: 29354 | AM92: 0 | AN92: - | AO92: 16940 | AP92: 12890 | AQ92: 0 | AR92: - | AS92: 14170 | AT92: 15719 | AU92: 0 | AV92: - | AW92: 11377 | AX92: 14210 | AY92: 0 | AZ92: - | BA92: 2793 | BB92: 1509 | BC92: 0 | BD92: - | BE92: 4255 | BF92: 0 | BG92: - | BH92: 1697 | BI92: 0 | BJ92: - | BK92: 3158 | BL92: 0 | BM92: - | BN92: 13066 | BO92: 26739 | BP92: 29354 | BQ92: 0 | BR92: - | BS92: 12890 | BT92: 0 | BU92: - | BV92: 15719 | BW92: 0 | BX92: - | BY92: 4255 | BZ92: 0 | CA92: - | CB92: 2941.75 | CC92: 19210 | CD92: 12836.25 | CE92: 12120.75 | CF92: 27224 | CG92: 8001 | CH92: 8193 | CI92: 12476 | CJ92: 12309 | CK92: 28728 | CL92: 1081 | CM92: 17416 | CN92: 14648 | CO92: 17424 | CP92: 44536 | CQ92: 1569 | CR92: 27450 | CS92: 7580 | CT92: 7973 | CU92: 13791 | CV92: 1116 | CW92: 23781 | CX92: 16641 | CY92: 10777 | CZ92: 21841 | DA92: 0 | DB92: 0 | DC92: 0 | DD92: 0 | DE92: 0
B93: Sustain(Non KPI) | C93: 45527 | D93: 45891 | E93: 45353 | F93: 45724 | G93: 46123 | H93: D+45 | I93: W+7 | J93: 62023 | K93: 89984 | L93: 62450 | M93: 83880 | O93: - | P93: 10 | Q93: 16 | S93: 14 | U93: - | V93: 22352 | W93: 16586 | X93: 5829 | Y93: 7722 | Z93: 4768 | AA93: 2954 | AB93: 12628 | AC93: 7570 | AD93: 5058 | AF93: 0 | AG93: 0 | AH93: - | AI93: 13928 | AJ93: 27956 | AK93: 37415 | AL93: 32715 | AM93: 0 | AN93: - | AO93: 25111 | AP93: 19471 | AQ93: 0 | AR93: - | AS93: 12304 | AT93: 12057 | AU93: 0 | AV93: - | AW93: 9696 | AX93: 10607 | AY93: 0 | AZ93: - | BA93: 2608 | BB93: 1450 | BC93: 0 | BD93: - | BE93: 4328 | BF93: 0 | BG93: - | BH93: 1753 | BI93: 0 | BJ93: - | BK93: 3211 | BL93: 0 | BM93: - | BN93: 13928 | BO93: 27956 | BP93: 32715 | BQ93: 0 | BR93: - | BS93: 19471 | BT93: 0 | BU93: - | BV93: 12057 | BW93: 0 | BX93: - | BY93: 4328 | BZ93: 0 | CA93: - | CB93: 1906.25 | CC93: 17456.5 | CD93: 12130 | CE93: 9456 | CF93: 33635.5 | CG93: 3274 | CH93: 8975 | CI93: 12793 | CJ93: 11001 | CK93: 25980 | CL93: 969 | CM93: 13729 | CN93: 15273 | CO93: 13719 | CP93: 46294 | CQ93: 2253 | CR93: 26890 | CS93: 7649 | CT93: 5221 | CU93: 20437 | CV93: 1129 | CW93: 20232 | CX93: 12805 | CY93: 7883 | CZ93: 41831 | DA93: 0 | DB93: 0 | DC93: 0 | DD93: 0 | DE93: 0
B94: Sustain(Non KPI) | C94: 45528 | D94: 45892 | E94: 45354 | F94: 45725 | G94: 46124 | H94: D+46 | I94: W+7 | J94: 45218 | K94: 82338 | L94: 67500 | M94: 59519 | O94: - | P94: 2 | Q94: 18 | S94: 22 | U94: - | V94: 30598 | W94: 25247 | X94: 5370 | Y94: 6522 | Z94: 3237 | AA94: 3285 | AB94: 9851 | AC94: 4727 | AD94: 5124 | AF94: 0 | AG94: 0 | AH94: - | AI94: 17123 | AJ94: 33607 | AK94: 26408 | AL94: 25102 | AM94: 0 | AN94: - | AO94: 18387 | AP94: 18672 | AQ94: 0 | AR94: - | AS94: 8021 | AT94: 5671 | AU94: 0 | AV94: - | AW94: 5861 | AX94: 4593 | AY94: 0 | AZ94: - | BA94: 2160 | BB94: 1078 | BC94: 0 | BD94: - | BE94: 3448 | BF94: 0 | BG94: - | BH94: 1303 | BI94: 0 | BJ94: - | BK94: 2664 | BL94: 0 | BM94: - | BN94: 17123 | BO94: 33607 | BP94: 25102 | BQ94: 0 | BR94: - | BS94: 18672 | BT94: 0 | BU94: - | BV94: 5671 | BW94: 0 | BX94: - | BY94: 3448 | BZ94: 0 | CA94: - | CB94: 1744 | CC94: 15966.75 | CD94: 11826.5 | CE94: 7089 | CF94: 27017.5 | CG94: 2154 | CH94: 6911 | CI94: 10346 | CJ94: 7060 | CK94: 18747 | CL94: 904 | CM94: 16286 | CN94: 13736 | CO94: 9547 | CP94: 41865 | CQ94: 3041 | CR94: 21589 | CS94: 11115 | CT94: 5690 | CU94: 26065 | CV94: 877 | CW94: 19081 | CX94: 12109 | CY94: 6059 | CZ94: 21393 | DA94: 0 | DB94: 0 | DC94: 0 | DD94: 0 | DE94: 0
B95: Sustain(Non KPI) | C95: 45529 | D95: 45893 | E95: 45355 | F95: 45726 | G95: 46125 | H95: D+47 | I95: W+7 | J95: 38799 | K95: 63040 | L95: 66094 | M95: 98966 | O95: - | P95: 3 | Q95: 12 | S95: 8 | U95: - | V95: 18253 | W95: 14926 | X95: 3343 | AB95: 18116 | AC95: 13280 | AD95: 4836 | AF95: 0 | AG95: 0 | AH95: - | AI95: 9536 | AJ95: 19084 | AK95: 49707 | AL95: 77889 | AM95: 0 | AN95: - | AO95: 36068 | AP95: 23380 | AQ95: 0 | AR95: - | AS95: 13639 | AT95: 53388 | AU95: 0 | AV95: - | AW95: 11053 | AX95: 8098 | AY95: 0 | AZ95: - | BA95: 2586 | BB95: 45290 | BC95: 0 | BD95: - | BE95: 2514 | BF95: 0 | BG95: - | BH95: 943 | BI95: 0 | BJ95: - | BK95: 1944 | BL95: 0 | BM95: - | BN95: 9536 | BO95: 19084 | BP95: 77889 | BQ95: 0 | BR95: - | BS95: 23380 | BT95: 0 | BU95: - | BV95: 53388 | BW95: 0 | BX95: - | BY95: 2514 | BZ95: 0 | CA95: - | CB95: 13845.5 | CC95: 15372 | CD95: 10011.25 | CE95: 7057.25 | CF95: 20438.75 | CG95: 1852 | CH95: 3878 | CI95: 9196 | CJ95: 5419 | CK95: 18454 | CL95: 4009 | CM95: 7910 | CN95: 12540 | CO95: 8064 | CP95: 30517 | CQ95: 2720 | CR95: 28303 | CS95: 8452 | CT95: 7545 | CU95: 19074 | CV95: 46801 | CW95: 21397 | CX95: 9857 | CY95: 7201 | CZ95: 13710 | DA95: 0 | DB95: 0 | DC95: 0 | DD95: 0 | DE95: 0
B96: Sustain(Non KPI) | C96: 45530 | D96: 45894 | E96: 45356 | F96: 45727 | G96: 46126 | H96: D+48 | I96: W+7 | J96: 50790 | K96: 81539 | L96: 67727 | M96: 111067 | O96: - | P96: 7 | Q96: 9 | S96: 8 | U96: - | V96: 26798 | W96: 18415 | X96: 8402 | AB96: 17384 | AC96: 7968 | AD96: 9416 | AF96: 0 | AG96: 0 | AH96: - | AI96: 12123 | AJ96: 22384 | AK96: 33439 | AL96: 78182 | AM96: 0 | AN96: - | AO96: 18631 | AP96: 14531 | AQ96: 0 | AR96: - | AS96: 14808 | AT96: 62484 | AU96: 0 | AV96: - | AW96: 11874 | AX96: 5085 | AY96: 0 | AZ96: - | BA96: 2934 | BB96: 57399 | BC96: 0 | BD96: - | BE96: 7246 | BF96: 0 | BG96: - | BH96: 2661 | BI96: 0 | BJ96: - | BK96: 5564 | BL96: 0 | BM96: - | BN96: 12123 | BO96: 22384 | BP96: 78182 | BQ96: 0 | BR96: - | BS96: 14531 | BT96: 0 | BU96: - | BV96: 62484 | BW96: 0 | BX96: - | BY96: 7246 | BZ96: 0 | CA96: - | CB96: 16700.5 | CC96: 16180.75 | CD96: 11074 | CE96: 9606.25 | CF96: 24219.25 | CG96: 2530 | CH96: 10583 | CI96: 10728 | CJ96: 9833 | CK96: 17116 | CL96: 3109 | CM96: 19020 | CN96: 14442 | CO96: 12476 | CP96: 32492 | CQ96: 1558 | CR96: 17224 | CS96: 9758 | CT96: 8477 | CU96: 30710 | CV96: 59605 | CW96: 17896 | CX96: 9368 | CY96: 7639 | CZ96: 16559 | DA96: 0 | DB96: 0 | DC96: 0 | DD96: 0 | DE96: 0
B97: Sustain(Non KPI) | C97: 45531 | D97: 45895 | E97: 45357 | F97: 45728 | G97: 46127 | H97: D+49 | I97: W+7 | J97: 60628 | K97: 84053 | L97: 59605 | M97: 57332 | O97: - | P97: 0 | Q97: 12 | S97: 27 | U97: - | V97: 32107 | W97: 19610 | X97: 12537 | AB97: 13220 | AC97: 5783 | AD97: 7437 | AF97: 0 | AG97: 0 | AH97: - | AI97: 8084 | AJ97: 23879 | AK97: 37624 | AL97: 35102 | AM97: 0 | AN97: - | AO97: 20086 | AP97: 12966 | AQ97: 0 | AR97: - | AS97: 17538 | AT97: 21216 | AU97: 0 | AV97: - | AW97: 13572 | AX97: 5529 | AY97: 0 | AZ97: - | BA97: 3966 | BB97: 15687 | BC97: 0 | BD97: - | BE97: 4942 | BF97: 0 | BG97: - | BH97: 2415 | BI97: 0 | BJ97: - | BK97: 3430 | BL97: 0 | BM97: - | BN97: 8084 | BO97: 23879 | BP97: 35102 | BQ97: 0 | BR97: - | BS97: 12966 | BT97: 0 | BU97: - | BV97: 21216 | BW97: 0 | BX97: - | BY97: 4942 | BZ97: 0 | CA97: - | CB97: 5536.25 | CC97: 18617.75 | CD97: 11208.5 | CE97: 9922 | CF97: 20120 | CG97: 2049 | CH97: 14566 | CI97: 11237 | CJ97: 10976 | CK97: 21800 | CL97: 1118 | CM97: 25185 | CN97: 14039 | CO97: 14211 | CP97: 29500 | CQ97: 1500 | CR97: 22684 | CS97: 10774 | CT97: 7216 | CU97: 17431 | CV97: 17478 | CW97: 12036 | CX97: 8784 | CY97: 7285 | CZ97: 11749 | DA97: 0 | DB97: 0 | DC97: 0 | DD97: 0 | DE97: 0
B98: Sustain(Non KPI) | C98: 45532 | D98: 45896 | E98: 45358 | F98: 45729 | G98: 46128 | H98: D+50 | I98: W+8 | J98: 52774 | K98: 95459 | L98: 56181 | M98: 49685 | O98: - | P98: 10 | Q98: 5 | S98: 4 | U98: - | V98: 27041 | W98: 20570 | X98: 6524 | AB98: 10810 | AC98: 3268 | AD98: 7542 | AF98: 0 | AG98: 0 | AH98: - | AI98: 11352 | AJ98: 42303 | AK98: 35240 | AL98: 25109 | AM98: 0 | AN98: - | AO98: 20975 | AP98: 15605 | AQ98: 0 | AR98: - | AS98: 14265 | AT98: 8933 | AU98: 0 | AV98: - | AW98: 11179 | AX98: 4710 | AY98: 0 | AZ98: - | BA98: 3086 | BB98: 4223 | BC98: 0 | BD98: - | BE98: 3395 | BF98: 0 | BG98: - | BH98: 1529 | BI98: 0 | BJ98: - | BK98: 2339 | BL98: 0 | BM98: - | BN98: 11352 | BO98: 42303 | BP98: 25109 | BQ98: 0 | BR98: - | BS98: 15605 | BT98: 0 | BU98: - | BV98: 8933 | BW98: 0 | BX98: - | BY98: 3395 | BZ98: 0 | CA98: - | CB98: 2492.6667 | CC98: 20236.333 | CD98: 12567.667 | CE98: 9967 | CF98: 20709 | CG98: 2178 | CH98: 12864 | CI98: 11365 | CJ98: 9882 | CK98: 16485 | CL98: 856 | CM98: 34012 | CN98: 14763 | CO98: 12614 | CP98: 33214 | CV98: 4444 | CW98: 13833 | CX98: 11575 | CY98: 7405 | CZ98: 12428 | DA98: 0 | DB98: 0 | DC98: 0 | DD98: 0 | DE98: 0
B99: Sustain(Non KPI) | C99: 45533 | D99: 45897 | E99: 45359 | F99: 45730 | G99: 46129 | H99: D+51 | I99: W+8 | J99: 47668 | K99: 123394 | L99: 53863 | M99: 60912 | O99: - | P99: 4 | Q99: 15 | S99: 10 | U99: - | V99: 57841 | W99: 25934 | X99: 31939 | AB99: 14843 | AC99: 5111 | AD99: 9732 | AF99: 0 | AG99: 0 | AH99: - | AI99: 7960 | AJ99: 41603 | AK99: 33060 | AL99: 31139 | AM99: 0 | AN99: - | AO99: 18244 | AP99: 15658 | AQ99: 0 | AR99: - | AS99: 14816 | AT99: 15176 | AU99: 0 | AV99: - | AW99: 12288 | AX99: 13141 | AY99: 0 | AZ99: - | BA99: 2528 | BB99: 2035 | BC99: 0 | BD99: - | BE99: 3175 | BF99: 0 | BG99: - | BH99: 1405 | BI99: 0 | BJ99: - | BK99: 2425 | BL99: 0 | BM99: - | BN99: 7960 | BO99: 41603 | BP99: 31139 | BQ99: 0 | BR99: - | BS99: 15658 | BT99: 0 | BU99: - | BV99: 15176 | BW99: 0 | BX99: - | BY99: 3175 | BZ99: 0 | CA99: - | CB99: 9171.3333 | CC99: 19155 | CD99: 12629 | CE99: 10018.667 | CF99: 26350.667 | CG99: 3035 | CH99: 6989 | CI99: 9851 | CJ99: 9642 | CK99: 18151 | CL99: 22597 | CM99: 24987 | CN99: 15916 | CO99: 14161 | CP99: 45733 | CV99: 1882 | CW99: 25489 | CX99: 12120 | CY99: 6253 | CZ99: 15168 | DA99: 0 | DB99: 0 | DC99: 0 | DD99: 0 | DE99: 0
B100: Sustain(Non KPI) | C100: 45534 | D100: 45898 | E100: 45360 | F100: 45731 | G100: 46130 | H100: D+52 | I100: W+8 | J100: 51669 | K100: 142248 | L100: 47260 | M100: 65917 | O100: - | P100: 0 | Q100: 18 | S100: 2 | U100: - | V100: 72116 | W100: 37720 | X100: 34416 | AB100: 15022 | AC100: 7275 | AD100: 7747 | AF100: 0 | AG100: 0 | AH100: - | AI100: 25148 | AJ100: 54573 | AK100: 31348 | AL100: 32486 | AM100: 0 | AN100: - | AO100: 20616 | AP100: 17715 | AQ100: 0 | AR100: - | AS100: 10732 | AT100: 14486 | AU100: 0 | AV100: - | AW100: 8496 | AX100: 12036 | AY100: 0 | AZ100: - | BA100: 2236 | BB100: 2450 | BC100: 0 | BD100: - | BE100: 3611 | BF100: 0 | BG100: - | BH100: 1442 | BI100: 0 | BJ100: - | BK100: 2762 | BL100: 0 | BM100: - | BN100: 25148 | BO100: 54573 | BP100: 32486 | BQ100: 0 | BR100: - | BS100: 17715 | BT100: 0 | BU100: - | BV100: 14486 | BW100: 0 | BX100: - | BY100: 3611 | BZ100: 0 | CA100: - | CB100: 9238.6667 | CC100: 24879 | CD100: 13016 | CE100: 9424.3333 | CF100: 30053.333 | CG100: 2190 | CH100: 11245 | CI100: 11004 | CJ100: 10282 | CK100: 16948 | CL100: 21916 | CM100: 39095 | CN100: 15499 | CO100: 13552 | CP100: 52186 | CV100: 3610 | CW100: 24297 | CX100: 12545 | CY100: 4439 | CZ100: 21026 | DA100: 0 | DB100: 0 | DC100: 0 | DD100: 0 | DE100: 0
B101: Sustain(Non KPI) | C101: 45535 | D101: 45899 | E101: 45361 | F101: 45732 | G101: 46131 | H101: D+53 | I101: W+8 | J101: 47732 | K101: 100956 | L101: 48224 | M101: 44068 | O101: - | P101: 3 | Q101: 5 | S101: 8 | U101: - | V101: 40714 | W101: 17443 | X101: 23297 | AB101: 12450 | AC101: 7856 | AD101: 4594 | AF101: 0 | AG101: 0 | AH101: - | AI101: 15815 | AJ101: 26193 | AK101: 27748 | AL101: 24507 | AM101: 0 | AN101: - | AO101: 16199 | AP101: 12249 | AQ101: 0 | AR101: - | AS101: 11549 | AT101: 11972 | AU101: 0 | AV101: - | AW101: 9160 | AX101: 10485 | AY101: 0 | AZ101: - | BA101: 2389 | BB101: 1487 | BC101: 0 | BD101: - | BE101: 2726 | BF101: 0 | BG101: - | BH101: 1137 | BI101: 0 | BJ101: - | BK101: 2130 | BL101: 0 | BM101: - | BN101: 15815 | BO101: 26193 | BP101: 24507 | BQ101: 0 | BR101: - | BS101: 12249 | BT101: 0 | BU101: - | BV101: 11972 | BW101: 0 | BX101: - | BY101: 2726 | BZ101: 0 | CA101: - | CB101: 5087.6667 | CC101: 18487 | CD101: 11061.667 | CE101: 6885 | CF101: 22730.667 | CG101: 4534 | CH101: 7602 | CI101: 9681 | CJ101: 8092 | CK101: 17823 | CL101: 9241 | CM101: 30506 | CN101: 13683 | CO101: 9641 | CP101: 37885 | CV101: 1488 | CW101: 17353 | CX101: 9821 | CY101: 2922 | CZ101: 12484 | DA101: 0 | DB101: 0 | DC101: 0 | DD101: 0 | DE101: 0
B102: Sustain(Non KPI) | C102: 45536 | D102: 45900 | E102: 45362 | F102: 45733 | G102: 46132 | H102: D+54 | I102: W+8 | J102: 35652 | K102: 101790 | L102: 58518 | M102: 61983 | O102: - | P102: 11 | Q102: 4 | S102: 3 | U102: - | V102: 41966 | W102: 16400 | X102: 25621 | AB102: 15127 | AC102: 7162 | AD102: 7965 | AF102: 0 | AG102: 0 | AH102: - | AI102: 9577 | AJ102: 28957 | AK102: 30403 | AL102: 33814 | AM102: 0 | AN102: - | AO102: 17482 | AP102: 20883 | AQ102: 0 | AR102: - | AS102: 12921 | AT102: 12135 | AU102: 0 | AV102: - | AW102: 10281 | AX102: 9666 | AY102: 0 | AZ102: - | BA102: 2640 | BB102: 2469 | BC102: 0 | BD102: - | BE102: 2213 | BF102: 0 | BG102: - | BH102: 945 | BI102: 0 | BJ102: - | BK102: 1654 | BL102: 0 | BM102: - | BN102: 9577 | BO102: 28957 | BP102: 33814 | BQ102: 0 | BR102: - | BS102: 20883 | BT102: 0 | BU102: - | BV102: 12135 | BW102: 0 | BX102: - | BY102: 2213 | BZ102: 0 | CA102: - | CB102: 3737.6667 | CC102: 23146.667 | CD102: 11029.667 | CE102: 7018.3333 | CF102: 21542.667 | CG102: 2455 | CH102: 4027 | CI102: 9033 | CJ102: 6405 | CK102: 13732 | CL102: 7122 | CM102: 38636 | CN102: 12572 | CO102: 8167 | CP102: 35293 | CV102: 1636 | CW102: 26777 | CX102: 11484 | CY102: 6483 | CZ102: 15603 | DA102: 0 | DB102: 0 | DC102: 0 | DD102: 0 | DE102: 0
B103: Sustain(Non KPI) | C103: 45537 | D103: 45901 | E103: 45363 | F103: 45734 | G103: 46133 | H103: D+55 | I103: W+8 | J103: 38966 | K103: 89540 | L103: 67479 | M103: 71997 | O103: - | P103: 2 | Q103: 7 | S103: 16 | U103: - | V103: 35405 | W103: 17473 | X103: 18007 | AB103: 14278 | AC103: 4110 | AD103: 10168 | AF103: 0 | AG103: 0 | AH103: - | AI103: 12470 | AJ103: 25214 | AK103: 36986 | AL103: 26215 | AM103: 0 | AN103: - | AO103: 18686 | AP103: 14664 | AQ103: 0 | AR103: - | AS103: 18300 | AT103: 10982 | AU103: 0 | AV103: - | AW103: 15340 | AX103: 9218 | AY103: 0 | AZ103: - | BA103: 2960 | BB103: 1764 | BC103: 0 | BD103: - | BE103: 2927 | BF103: 0 | BG103: - | BH103: 1413 | BI103: 0 | BJ103: - | BK103: 1948 | BL103: 0 | BM103: - | BN103: 12470 | BO103: 25214 | BP103: 26215 | BQ103: 0 | BR103: - | BS103: 14664 | BT103: 0 | BU103: - | BV103: 10982 | BW103: 0 | BX103: - | BY103: 2927 | BZ103: 0 | CA103: - | CB103: 2926.3333 | CC103: 23071 | CD103: 11794.333 | CE103: 9498.3333 | CF103: 19544.333 | CG103: 1514 | CH103: 4797 | CI103: 9491 | CJ103: 9105 | CK103: 14059 | CL103: 5996 | CM103: 37515 | CN103: 13992 | CO103: 10458 | CP103: 21579 | CV103: 1269 | CW103: 26901 | CX103: 11900 | CY103: 8932 | CZ103: 22995 | DA103: 0 | DB103: 0 | DC103: 0 | DD103: 0 | DE103: 0
B104: Sustain(Non KPI) | C104: 45538 | D104: 45902 | E104: 45364 | F104: 45735 | G104: 46134 | H104: D+56 | I104: W+8 | J104: 53667 | K104: 93876 | L104: 58860 | M104: 58161 | O104: - | P104: 0 | Q104: 9 | S104: 6 | U104: - | V104: 33244 | W104: 14090 | X104: 19207 | AB104: 16099 | AC104: 7886 | AD104: 8213 | AF104: 0 | AG104: 0 | AH104: - | AI104: 9546 | AJ104: 24643 | AK104: 29884 | AL104: 26928 | AM104: 0 | AN104: - | AO104: 18513 | AP104: 11548 | AQ104: 0 | AR104: - | AS104: 11371 | AT104: 14823 | AU104: 0 | AV104: - | AW104: 9031 | AX104: 13708 | AY104: 0 | AZ104: - | BA104: 2340 | BB104: 1115 | BC104: 0 | BD104: - | BE104: 7494 | BF104: 0 | BG104: - | BH104: 1703 | BI104: 0 | BJ104: - | BK104: 6367 | BL104: 0 | BM104: - | BN104: 9546 | BO104: 24643 | BP104: 26928 | BQ104: 0 | BR104: - | BS104: 11548 | BT104: 0 | BU104: - | BV104: 14823 | BW104: 0 | BX104: - | BY104: 7494 | BZ104: 0 | CA104: - | CB104: 3336 | CC104: 23503.667 | CD104: 11140.333 | CE104: 10419 | CF104: 20169 | CG104: 2085 | CH104: 9230 | CI104: 10274 | CJ104: 11997 | CK104: 20081 | CL104: 6947 | CM104: 32763 | CN104: 14662 | CO104: 12234 | CP104: 27270 | CV104: 976 | CW104: 28518 | CX104: 8485 | CY104: 7026 | CZ104: 13156 | DA104: 0 | DB104: 0 | DC104: 0 | DD104: 0 | DE104: 0
